cultivo_resumen,numero_registros,numero_municipios,superficie_total_par_supcul,superficie_media_par_supcul,superficie_mediana_par_supcul,archivo,codigo_provincia,ano,codigo_provincia_std,provincia_estandar
barley,1340,46,22985000,17152.985074626864,6900.0,es_a_2023.dbf,3,2023,3,Alicante
common_soft_wheat,1013,41,12643900,12481.638696939783,5000.0,es_a_2023.dbf,3,2023,3,Alicante
barley,31238,86,1154281500,36951.19725974774,12600.0,es_ab_2023.dbf,2,2023,2,Albacete
common_soft_wheat,16275,83,592769000,36422.05837173579,13300.0,es_ab_2023.dbf,2,2023,2,Albacete
barley,4288,45,89869100,20958.278917910447,9200.0,es_al_2023.dbf,4,2023,4,Almería
common_soft_wheat,1006,25,21463700,21335.685884691848,9200.0,es_al_2023.dbf,4,2023,4,Almería
barley,20876,131,464206900,22236.391071086415,12900.0,es_av_2023.dbf,5,2023,5,Ávila
common_soft_wheat,15452,145,348096600,22527.608076624387,12400.0,es_av_2023.dbf,5,2023,5,Ávila
barley,47320,223,358566900,7577.4915469146235,2800.0,es_b_2023.dbf,8,2023,8,Barcelona
common_soft_wheat,31119,192,248062600,7971.419390083229,2700.0,es_b_2023.dbf,8,2023,8,Barcelona
barley,17053,137,503502800,29525.760863191226,11500.0,es_ba_2023.dbf,6,2023,6,Badajoz
common_soft_wheat,30559,146,853987400,27945.528322261853,11200.0,es_ba_2023.dbf,6,2023,6,Badajoz
barley,153746,337,1385634800,9012.493333159888,3600.0,es_bu_2023.dbf,9,2023,9,Burgos
common_soft_wheat,200704,337,1853082800,9232.914142219388,3900.0,es_bu_2023.dbf,9,2023,9,Burgos
barley,541,43,2679600,4953.049907578558,2800.0,es_c_2023.dbf,15,2023,15,A Coruña
common_soft_wheat,1883,68,7024100,3730.2708443972383,2200.0,es_c_2023.dbf,15,2023,15,A Coruña
barley,2354,36,96165700,40852.03908241291,17150.0,es_ca_2023.dbf,11,2023,11,Cádiz
common_soft_wheat,1941,31,120701200,62185.05924781041,23600.0,es_ca_2023.dbf,11,2023,11,Cádiz
barley,860,56,13441300,15629.418604651162,6300.0,es_cc_2023.dbf,10,2023,10,Cáceres
common_soft_wheat,3155,67,67495800,21393.280507131538,9500.0,es_cc_2023.dbf,10,2023,10,Cáceres
barley,5618,61,184158800,32780.13527945888,8900.0,es_co_2023.dbf,14,2023,14,Córdoba
common_soft_wheat,8103,56,241351800,29785.486856719734,8900.0,es_co_2023.dbf,14,2023,14,Córdoba
barley,51137,96,1338088900,26166.74619160295,12500.0,es_cr_2023.dbf,13,2023,13,Ciudad Real
common_soft_wheat,16310,98,432934100,26544.08951563458,11300.0,es_cr_2023.dbf,13,2023,13,Ciudad Real
barley,3567,53,27141500,7609.055228483319,4100.0,es_cs_2023.dbf,12,2023,12,Castellón
common_soft_wheat,1335,44,9104400,6819.775280898876,3500.0,es_cs_2023.dbf,12,2023,12,Castellón
barley,134392,220,2306694300,17163.925680100005,6800.0,es_cu_2023.dbf,16,2023,16,Cuenca
common_soft_wheat,30453,211,464116800,15240.429514333564,6000.0,es_cu_2023.dbf,16,2023,16,Cuenca
barley,84,11,476400,5671.428571428572,1850.0,es_gc_2023.dbf,35,2023,35,Las Palmas
common_soft_wheat,118,11,1042700,8836.440677966102,3300.0,es_gc_2023.dbf,35,2023,35,Las Palmas
barley,21948,182,196575500,8956.419719336614,5500.0,es_gi_2023.dbf,17,2023,17,Girona
common_soft_wheat,15840,171,152313000,9615.719696969696,5400.0,es_gi_2023.dbf,17,2023,17,Girona
barley,14976,113,337485000,22535.05608974359,9500.0,es_gr_2023.dbf,18,2023,18,Granada
common_soft_wheat,3993,86,97772500,24485.975457049837,10500.0,es_gr_2023.dbf,18,2023,18,Granada
barley,94560,254,803420500,8496.409686971236,3100.0,es_gu_2023.dbf,19,2023,19,Guadalajara
common_soft_wheat,74922,254,691923200,9235.247323883506,3200.0,es_gu_2023.dbf,19,2023,19,Guadalajara
barley,375,27,11064900,29506.4,6800.0,es_h_2023.dbf,21,2023,21,Huelva
common_soft_wheat,2275,29,41832400,18387.86813186813,8300.0,es_h_2023.dbf,21,2023,21,Huelva
barley,90301,166,1749344700,19372.373506384203,8300.0,es_hu_2023.dbf,22,2023,22,Huesca
common_soft_wheat,46218,166,811838900,17565.426889956296,8000.0,es_hu_2023.dbf,22,2023,22,Huesca
barley,2117,66,52999800,25035.333018422294,7500.0,es_j_2023.dbf,23,2023,23,Jaén
common_soft_wheat,1325,36,26345000,19883.01886792453,4600.0,es_j_2023.dbf,23,2023,23,Jaén
barley,111854,188,1105674400,9884.978632860693,4100.0,es_l_2023.dbf,25,2023,25,Lleida
common_soft_wheat,61587,177,569506900,9247.1934012048,4000.0,es_l_2023.dbf,25,2023,25,Lleida
barley,19603,130,215287600,10982.380247921237,4700.0,es_le_2023.dbf,24,2023,24,León
common_soft_wheat,41512,142,463434700,11163.873096935826,5100.0,es_le_2023.dbf,24,2023,24,León
barley,30791,124,186250200,6048.851937254392,2800.0,es_lo_2023.dbf,26,2023,26,La Rioja
common_soft_wheat,32910,121,242848100,7379.158310543908,3300.0,es_lo_2023.dbf,26,2023,26,La Rioja
barley,534,33,4063700,7609.925093632959,4050.0,es_lu_2023.dbf,27,2023,27,Lugo
common_soft_wheat,4844,52,15667100,3234.3311312964493,1800.0,es_lu_2023.dbf,27,2023,27,Lugo
barley,26851,108,397103700,14789.158690551561,6800.0,es_m_2023.dbf,28,2023,28,Madrid
common_soft_wheat,13093,110,205738500,15713.625601466432,7200.0,es_m_2023.dbf,28,2023,28,Madrid
barley,4146,50,114809400,27691.606367583212,11800.0,es_ma_2023.dbf,29,2023,29,Málaga
common_soft_wheat,1694,35,51329200,30300.590318772138,11600.0,es_ma_2023.dbf,29,2023,29,Málaga
barley,6841,35,183985200,26894.48910977927,8600.0,es_mu_2023.dbf,30,2023,30,Murcia
common_soft_wheat,3129,25,83206900,26592.170022371363,9900.0,es_mu_2023.dbf,30,2023,30,Murcia
barley,41971,215,686440200,16355.107097757977,7700.0,es_na_2023.dbf,31,2023,31,Navarra
common_soft_wheat,48905,223,800666300,16371.869951947654,7500.0,es_na_2023.dbf,31,2023,31,Navarra
barley,9,3,36700,4077.777777777778,2600.0,es_o_2023.dbf,33,2023,33,Asturias
common_soft_wheat,27,4,332500,12314.814814814816,5800.0,es_o_2023.dbf,33,2023,33,Asturias
barley,1307,17,10097700,7725.860749808722,4900.0,es_or_2023.dbf,32,2023,32,Ourense
common_soft_wheat,7183,40,52224100,7270.513712933315,4800.0,es_or_2023.dbf,32,2023,32,Ourense
barley,46919,183,1088288400,23195.046782753256,11700.0,es_p_2023.dbf,34,2023,34,Palencia
common_soft_wheat,60420,183,1215694200,20120.72492552135,10200.0,es_p_2023.dbf,34,2023,34,Palencia
barley,19044,61,166190700,8726.66981726528,3800.0,es_pm_2023.dbf,7,2023,7,Illes Balears
common_soft_wheat,5920,52,51397300,8681.976351351352,3900.0,es_pm_2023.dbf,7,2023,7,Illes Balears
barley,93,11,183700,1975.268817204301,1300.0,es_po_2023.dbf,36,2023,36,Pontevedra
common_soft_wheat,684,13,2033100,2972.3684210526317,1600.0,es_po_2023.dbf,36,2023,36,Pontevedra
barley,340,8,1375600,4045.8823529411766,2350.0,es_s_2023.dbf,39,2023,39,Cantabria
common_soft_wheat,1395,5,7028700,5038.4946236559135,2900.0,es_s_2023.dbf,39,2023,39,Cantabria
barley,12444,154,310018100,24913.05850208936,13200.0,es_sa_2023.dbf,37,2023,37,Salamanca
common_soft_wheat,21726,218,634419100,29200.915953235755,15200.0,es_sa_2023.dbf,37,2023,37,Salamanca
barley,4755,82,225521700,47428.32807570978,18600.0,es_se_2023.dbf,41,2023,41,Sevilla
common_soft_wheat,14170,88,653314500,46105.46930134086,19600.0,es_se_2023.dbf,41,2023,41,Sevilla
barley,48577,182,677046200,13937.587747287811,7600.0,es_sg_2023.dbf,40,2023,40,Segovia
common_soft_wheat,48805,186,676141300,13853.93504763856,7700.0,es_sg_2023.dbf,40,2023,40,Segovia
barley,72360,163,759672900,10498.519900497513,3800.0,es_so_2023.dbf,42,2023,42,Soria
common_soft_wheat,88755,170,927440300,10449.442848290237,3900.0,es_so_2023.dbf,42,2023,42,Soria
barley,1,1,4600,4600.0,4600.0,es_ss_2023.dbf,20,2023,20,Gipuzkoa
common_soft_wheat,1,1,5400,5400.0,5400.0,es_ss_2023.dbf,20,2023,20,Gipuzkoa
barley,18795,140,137454100,7313.333333333333,4000.0,es_t_2023.dbf,43,2023,43,Tarragona
common_soft_wheat,8995,88,73382300,8158.121178432462,4300.0,es_t_2023.dbf,43,2023,43,Tarragona
barley,106131,225,973641600,9173.960482799559,4500.0,es_te_2023.dbf,44,2023,44,Teruel
common_soft_wheat,53228,223,406674900,7640.243856616818,3400.0,es_te_2023.dbf,44,2023,44,Teruel
barley,31,9,81100,2616.1290322580644,1600.0,es_tf_2023.dbf,38,2023,38,Santa Cruz de Tenerife
common_soft_wheat,417,13,956400,2293.5251798561153,1200.0,es_tf_2023.dbf,38,2023,38,Santa Cruz de Tenerife
barley,60027,184,1293377000,21546.587369017274,10400.0,es_to_2023.dbf,45,2023,45,Toledo
common_soft_wheat,21380,179,497221000,23256.361085126286,10900.0,es_to_2023.dbf,45,2023,45,Toledo
barley,6365,51,76729900,12054.972505891594,5000.0,es_v_2023.dbf,46,2023,46,Valencia
common_soft_wheat,2533,44,29463000,11631.662060797473,4500.0,es_v_2023.dbf,46,2023,46,Valencia
barley,60977,225,1614347400,26474.693736982797,12400.0,es_va_2023.dbf,47,2023,47,Valladolid
common_soft_wheat,40007,225,1086137400,27148.683980303445,12900.0,es_va_2023.dbf,47,2023,47,Valladolid
barley,13691,39,129222300,9438.485136220876,4000.0,es_vi_2023.dbf,1,2023,1,Álava
common_soft_wheat,20083,39,195269900,9723.143952596723,4200.0,es_vi_2023.dbf,1,2023,1,Álava
barley,125871,274,1636980600,13005.224396405843,5600.0,es_z_2023.dbf,50,2023,50,Zaragoza
common_soft_wheat,54407,258,643320400,11824.221148014043,5200.0,es_z_2023.dbf,50,2023,50,Zaragoza
barley,29950,212,630084900,21037.893155258764,11300.0,es_za_2023.dbf,49,2023,49,Zamora
common_soft_wheat,36254,223,698556100,19268.38693661389,9700.0,es_za_2023.dbf,49,2023,49,Zamora
