provincia_estandar,cultivo,n_recintos,superficie_eurocrops_ha,superficie_media_recinto_ha
A Coruña,barley,541,267.96,0.4953049907578558
A Coruña,common_soft_wheat,1883,702.41,0.3730270844397238
Albacete,barley,31238,115428.15,3.695119725974774
Albacete,common_soft_wheat,16275,59276.9,3.642205837173579
Alicante,barley,1340,2298.5,1.7152985074626865
Alicante,common_soft_wheat,1013,1264.39,1.2481638696939783
Almería,barley,4288,8986.91,2.095827891791045
Almería,common_soft_wheat,1006,2146.37,2.133568588469185
Asturias,barley,9,3.67,0.4077777777777778
Asturias,common_soft_wheat,27,33.25,1.2314814814814814
Badajoz,barley,17053,50350.28,2.9525760863191226
Badajoz,common_soft_wheat,30559,85398.74,2.7945528322261857
Barcelona,barley,47320,35856.69,0.7577491546914624
Barcelona,common_soft_wheat,31119,24806.26,0.7971419390083229
Bizkaia,barley,0,0.0,0.0
Bizkaia,common_soft_wheat,0,0.0,0.0
Burgos,barley,153746,138563.48,0.9012493333159888
Burgos,common_soft_wheat,200704,185308.28,0.9232914142219387
Cantabria,barley,340,137.56,0.40458823529411764
Cantabria,common_soft_wheat,1395,702.87,0.5038494623655914
Castellón,barley,3567,2714.15,0.7609055228483319
Castellón,common_soft_wheat,1335,910.44,0.6819775280898877
Ciudad Real,barley,51137,133808.89,2.616674619160295
Ciudad Real,common_soft_wheat,16310,43293.41,2.6544089515634584
Cuenca,barley,134392,230669.43,1.7163925680100005
Cuenca,common_soft_wheat,30453,46411.68,1.5240429514333562
Cáceres,barley,860,1344.13,1.5629418604651164
Cáceres,common_soft_wheat,3155,6749.58,2.1393280507131536
Cádiz,barley,2354,9616.57,4.085203908241291
Cádiz,common_soft_wheat,1941,12070.12,6.2185059247810415
Córdoba,barley,5618,18415.88,3.2780135279458884
Córdoba,common_soft_wheat,8103,24135.18,2.9785486856719734
Gipuzkoa,barley,1,0.46,0.46
Gipuzkoa,common_soft_wheat,1,0.54,0.54
Girona,barley,21948,19657.55,0.8956419719336614
Girona,common_soft_wheat,15840,15231.3,0.9615719696969697
Granada,barley,14976,33748.5,2.253505608974359
Granada,common_soft_wheat,3993,9777.25,2.448597545704984
Guadalajara,barley,94560,80342.05,0.8496409686971236
Guadalajara,common_soft_wheat,74922,69192.32,0.9235247323883506
Huelva,barley,375,1106.49,2.95064
Huelva,common_soft_wheat,2275,4183.24,1.838786813186813
Huesca,barley,90301,174934.47,1.9372373506384204
Huesca,common_soft_wheat,46218,81183.89,1.7565426889956295
Illes Balears,barley,19044,16619.07,0.872666981726528
Illes Balears,common_soft_wheat,5920,5139.73,0.868197635135135
Jaén,barley,2117,5299.98,2.5035333018422294
Jaén,common_soft_wheat,1325,2634.5,1.988301886792453
La Rioja,barley,30791,18625.02,0.6048851937254393
La Rioja,common_soft_wheat,32910,24284.81,0.7379158310543908
Las Palmas,barley,84,47.64,0.5671428571428572
Las Palmas,common_soft_wheat,118,104.27,0.8836440677966101
León,barley,19603,21528.76,1.0982380247921235
León,common_soft_wheat,41512,46343.47,1.1163873096935826
Lleida,barley,111854,110567.44,0.9884978632860694
Lleida,common_soft_wheat,61587,56950.69,0.92471934012048
Lugo,barley,534,406.37,0.7609925093632959
Lugo,common_soft_wheat,4844,1566.71,0.32343311312964496
Madrid,barley,26851,39710.37,1.4789158690551563
Madrid,common_soft_wheat,13093,20573.85,1.5713625601466432
Murcia,barley,6841,18398.52,2.6894489109779274
Murcia,common_soft_wheat,3129,8320.69,2.6592170022371366
Málaga,barley,4146,11480.94,2.7691606367583215
Málaga,common_soft_wheat,1694,5132.92,3.030059031877214
Navarra,barley,41971,68644.02,1.6355107097757977
Navarra,common_soft_wheat,48905,80066.63,1.6371869951947655
Ourense,barley,1307,1009.77,0.7725860749808722
Ourense,common_soft_wheat,7183,5222.41,0.7270513712933314
Palencia,barley,46919,108828.84,2.3195046782753255
Palencia,common_soft_wheat,60420,121569.42,2.012072492552135
Pontevedra,barley,93,18.37,0.19752688172043012
Pontevedra,common_soft_wheat,684,203.31,0.2972368421052632
Salamanca,barley,12444,31001.81,2.4913058502089362
Salamanca,common_soft_wheat,21726,63441.91,2.9200915953235755
Santa Cruz de Tenerife,barley,31,8.11,0.26161290322580644
Santa Cruz de Tenerife,common_soft_wheat,417,95.64,0.22935251798561151
Segovia,barley,48577,67704.62,1.393758774728781
Segovia,common_soft_wheat,48805,67614.13,1.3853935047638564
Sevilla,barley,4755,22552.17,4.742832807570977
Sevilla,common_soft_wheat,14170,65331.45,4.610546930134086
Soria,barley,72360,75967.29,1.0498519900497512
Soria,common_soft_wheat,88755,92744.03,1.0449442848290238
Tarragona,barley,18795,13745.41,0.7313333333333333
Tarragona,common_soft_wheat,8995,7338.23,0.8158121178432463
Teruel,barley,106131,97364.16,0.9173960482799559
Teruel,common_soft_wheat,53228,40667.49,0.7640243856616817
Toledo,barley,60027,129337.7,2.1546587369017276
Toledo,common_soft_wheat,21380,49722.1,2.3256361085126285
Valencia,barley,6365,7672.99,1.2054972505891595
Valencia,common_soft_wheat,2533,2946.3,1.1631662060797474
Valladolid,barley,60977,161434.74,2.6474693736982795
Valladolid,common_soft_wheat,40007,108613.74,2.7148683980303447
Zamora,barley,29950,63008.49,2.1037893155258764
Zamora,common_soft_wheat,36254,69855.61,1.926838693661389
Zaragoza,barley,125871,163698.06,1.3005224396405843
Zaragoza,common_soft_wheat,54407,64332.04,1.1824221148014042
Álava,barley,13691,12922.23,0.9438485136220874
Álava,common_soft_wheat,20083,19526.99,0.9723143952596724
Ávila,barley,20876,46420.69,2.2236391071086414
Ávila,common_soft_wheat,15452,34809.66,2.2527608076624386
