ano,cultivo,provincia_mapa,rendimiento_secano_kg_ha,rendimiento_regadio_kg_ha,provincia_estandar
2017,common_soft_wheat,A Coruña,2950.0,,A Coruña
2017,common_soft_wheat,Lugo,2300.0,,Lugo
2017,common_soft_wheat,Ourense,2300.0,,Ourense
2017,common_soft_wheat,Pontevedra,2180.0,,Pontevedra
2017,common_soft_wheat, P. DE ASTURIAS,1300.0,,Asturias
2017,common_soft_wheat, CANTABRIA,2450.0,,Cantabria
2017,common_soft_wheat,Alava,6000.0,,Álava
2017,common_soft_wheat,Guipúzcoa,,,Gipuzkoa
2017,common_soft_wheat,Vizcaya,,,Bizkaia
2017,common_soft_wheat, NAVARRA,4616.0,6104.0,Navarra
2017,common_soft_wheat, LA RIOJA,3164.0,5250.0,La Rioja
2017,common_soft_wheat,Huesca,3400.0,6186.0,Huesca
2017,common_soft_wheat,Teruel,1364.0,3699.0,Teruel
2017,common_soft_wheat,Zaragoza,1266.0,4628.0,Zaragoza
2017,common_soft_wheat,Barcelona,3930.0,5468.0,Barcelona
2017,common_soft_wheat,Girona,2470.0,3699.0,Girona
2017,common_soft_wheat,Lleida,2968.0,4708.0,Lleida
2017,common_soft_wheat,Tarragona,2700.0,3476.0,Tarragona
2017,common_soft_wheat, BALEARES,1479.0,,Illes Balears
2017,common_soft_wheat,Avila,575.0,3345.0,Ávila
2017,common_soft_wheat,Burgos,2659.0,3519.0,Burgos
2017,common_soft_wheat,León,598.0,3848.0,León
2017,common_soft_wheat,Palencia,1125.0,3243.0,Palencia
2017,common_soft_wheat,Salamanca,1171.0,2739.0,Salamanca
2017,common_soft_wheat,Segovia,946.0,3105.0,Segovia
2017,common_soft_wheat,Soria,1698.0,3729.0,Soria
2017,common_soft_wheat,Valladolid,720.0,3906.0,Valladolid
2017,common_soft_wheat,Zamora,798.0,3841.0,Zamora
2017,common_soft_wheat, MADRID,931.0,3643.0,Madrid
2017,common_soft_wheat,Albacete,1240.0,6901.0,Albacete
2017,common_soft_wheat,Ciudad Real,1600.0,3736.0,Ciudad Real
2017,common_soft_wheat,Cuenca,2240.0,4800.0,Cuenca
2017,common_soft_wheat,Guadalajara,1781.0,2887.0,Guadalajara
2017,common_soft_wheat,Toledo,902.0,4142.0,Toledo
2017,common_soft_wheat,Alicante,800.0,4500.0,Alicante
2017,common_soft_wheat,Castellón,1713.0,4560.0,Castellón
2017,common_soft_wheat,Valencia,1761.0,4686.0,Valencia
2017,common_soft_wheat, R. DE MURCIA,743.0,4186.0,Murcia
2017,common_soft_wheat,Badajoz,2322.0,4045.0,Badajoz
2017,common_soft_wheat,Cáceres,1607.0,2884.0,Cáceres
2017,common_soft_wheat,Almería,1096.0,2724.0,Almería
2017,common_soft_wheat,Cádiz,1985.0,2745.0,Cádiz
2017,common_soft_wheat,Córdoba,3286.0,5000.0,Córdoba
2017,common_soft_wheat,Granada,1090.0,2962.0,Granada
2017,common_soft_wheat,Huelva,4415.0,6021.0,Huelva
2017,common_soft_wheat,Jaén,2275.0,4244.0,Jaén
2017,common_soft_wheat,Málaga,2258.0,3800.0,Málaga
2017,common_soft_wheat,Sevilla,2558.0,4321.0,Sevilla
2017,common_soft_wheat,Las Palmas,1450.0,3500.0,Las Palmas
2017,common_soft_wheat,S.C. de Tenerife,1000.0,1500.0,Santa Cruz de Tenerife
2018,common_soft_wheat,A Coruña,2990.0,,A Coruña
2018,common_soft_wheat,Lugo,2350.0,,Lugo
2018,common_soft_wheat,Ourense,2700.0,,Ourense
2018,common_soft_wheat,Pontevedra,2200.0,,Pontevedra
2018,common_soft_wheat, P. DE ASTURIAS,280.0,,Asturias
2018,common_soft_wheat, CANTABRIA,2260.0,,Cantabria
2018,common_soft_wheat,Alava,5500.0,,Álava
2018,common_soft_wheat,Guipúzcoa,,,Gipuzkoa
2018,common_soft_wheat,Vizcaya,,,Bizkaia
2018,common_soft_wheat, NAVARRA,4790.0,5793.0,Navarra
2018,common_soft_wheat, LA RIOJA,5191.0,5500.0,La Rioja
2018,common_soft_wheat,Huesca,3603.0,5757.0,Huesca
2018,common_soft_wheat,Teruel,2245.0,3755.0,Teruel
2018,common_soft_wheat,Zaragoza,1745.0,4429.0,Zaragoza
2018,common_soft_wheat,Barcelona,5086.0,6262.0,Barcelona
2018,common_soft_wheat,Girona,3702.0,4514.0,Girona
2018,common_soft_wheat,Lleida,3738.0,5961.0,Lleida
2018,common_soft_wheat,Tarragona,3778.0,3247.0,Tarragona
2018,common_soft_wheat, BALEARES,1905.0,,Illes Balears
2018,common_soft_wheat,Avila,3317.0,4839.0,Ávila
2018,common_soft_wheat,Burgos,4578.0,5154.0,Burgos
2018,common_soft_wheat,León,3532.0,6391.0,León
2018,common_soft_wheat,Palencia,3889.0,5816.0,Palencia
2018,common_soft_wheat,Salamanca,3914.0,5141.0,Salamanca
2018,common_soft_wheat,Segovia,3100.0,4580.0,Segovia
2018,common_soft_wheat,Soria,3625.0,4738.0,Soria
2018,common_soft_wheat,Valladolid,3849.0,5037.0,Valladolid
2018,common_soft_wheat,Zamora,3484.0,5484.0,Zamora
2018,common_soft_wheat, MADRID,3092.0,5451.0,Madrid
2018,common_soft_wheat,Albacete,1900.0,7593.0,Albacete
2018,common_soft_wheat,Ciudad Real,2100.0,4544.0,Ciudad Real
2018,common_soft_wheat,Cuenca,2489.0,5046.0,Cuenca
2018,common_soft_wheat,Guadalajara,2968.0,5928.0,Guadalajara
2018,common_soft_wheat,Toledo,3080.0,6320.0,Toledo
2018,common_soft_wheat,Alicante,700.0,4500.0,Alicante
2018,common_soft_wheat,Castellón,1282.0,4552.0,Castellón
2018,common_soft_wheat,Valencia,2700.0,4800.0,Valencia
2018,common_soft_wheat, R. DE MURCIA,1037.0,4170.0,Murcia
2018,common_soft_wheat,Badajoz,4342.0,4393.0,Badajoz
2018,common_soft_wheat,Cáceres,3393.0,3815.0,Cáceres
2018,common_soft_wheat,Almería,1340.0,2917.0,Almería
2018,common_soft_wheat,Cádiz,3172.0,4160.0,Cádiz
2018,common_soft_wheat,Córdoba,5200.0,5200.0,Córdoba
2018,common_soft_wheat,Granada,1693.0,2903.0,Granada
2018,common_soft_wheat,Huelva,3822.0,5053.0,Huelva
2018,common_soft_wheat,Jaén,4000.0,5390.0,Jaén
2018,common_soft_wheat,Málaga,3750.0,4084.0,Málaga
2018,common_soft_wheat,Sevilla,3850.0,4310.0,Sevilla
2018,common_soft_wheat,Las Palmas,1479.0,2188.0,Las Palmas
2018,common_soft_wheat,S.C. de Tenerife,1050.0,1500.0,Santa Cruz de Tenerife
2019,common_soft_wheat,A Coruña,2900.0,,A Coruña
2019,common_soft_wheat,Lugo,2600.0,,Lugo
2019,common_soft_wheat,Ourense,2780.0,,Ourense
2019,common_soft_wheat,Pontevedra,2200.0,,Pontevedra
2019,common_soft_wheat, P. DE ASTURIAS,2000.0,,Asturias
2019,common_soft_wheat, CANTABRIA,2113.0,,Cantabria
2019,common_soft_wheat,Alava,6750.0,,Álava
2019,common_soft_wheat,Guipúzcoa,5500.0,,Gipuzkoa
2019,common_soft_wheat,Vizcaya,,,Bizkaia
2019,common_soft_wheat, NAVARRA,5225.0,6141.0,Navarra
2019,common_soft_wheat, LA RIOJA,4855.0,5300.0,La Rioja
2019,common_soft_wheat,Huesca,3345.0,4957.0,Huesca
2019,common_soft_wheat,Teruel,1684.0,4579.0,Teruel
2019,common_soft_wheat,Zaragoza,1775.0,4365.0,Zaragoza
2019,common_soft_wheat,Barcelona,4103.0,5763.0,Barcelona
2019,common_soft_wheat,Girona,4022.0,4405.0,Girona
2019,common_soft_wheat,Lleida,2662.0,4217.0,Lleida
2019,common_soft_wheat,Tarragona,2780.0,3229.0,Tarragona
2019,common_soft_wheat, BALEARES,1508.0,,Illes Balears
2019,common_soft_wheat,Avila,1361.0,3741.0,Ávila
2019,common_soft_wheat,Burgos,3724.0,5635.0,Burgos
2019,common_soft_wheat,León,1654.0,6238.0,León
2019,common_soft_wheat,Palencia,2727.0,5367.0,Palencia
2019,common_soft_wheat,Salamanca,1638.0,3998.0,Salamanca
2019,common_soft_wheat,Segovia,2107.0,3500.0,Segovia
2019,common_soft_wheat,Soria,3012.0,4912.0,Soria
2019,common_soft_wheat,Valladolid,1762.0,3865.0,Valladolid
2019,common_soft_wheat,Zamora,2210.0,4737.0,Zamora
2019,common_soft_wheat, MADRID,1672.0,4211.0,Madrid
2019,common_soft_wheat,Albacete,2200.0,7500.0,Albacete
2019,common_soft_wheat,Ciudad Real,1618.0,3375.0,Ciudad Real
2019,common_soft_wheat,Cuenca,2200.0,5000.0,Cuenca
2019,common_soft_wheat,Guadalajara,2794.0,5000.0,Guadalajara
2019,common_soft_wheat,Toledo,1230.0,4887.0,Toledo
2019,common_soft_wheat,Alicante,1100.0,4000.0,Alicante
2019,common_soft_wheat,Castellón,1603.0,4314.0,Castellón
2019,common_soft_wheat,Valencia,1350.0,3700.0,Valencia
2019,common_soft_wheat, R. DE MURCIA,1141.0,4587.0,Murcia
2019,common_soft_wheat,Badajoz,2040.0,2720.0,Badajoz
2019,common_soft_wheat,Cáceres,1655.0,2275.0,Cáceres
2019,common_soft_wheat,Almería,1310.0,3116.0,Almería
2019,common_soft_wheat,Cádiz,3110.0,3830.0,Cádiz
2019,common_soft_wheat,Córdoba,2200.0,4595.0,Córdoba
2019,common_soft_wheat,Granada,1687.0,3158.0,Granada
2019,common_soft_wheat,Huelva,2058.0,3100.0,Huelva
2019,common_soft_wheat,Jaén,2800.0,3475.0,Jaén
2019,common_soft_wheat,Málaga,2480.0,4077.0,Málaga
2019,common_soft_wheat,Sevilla,3317.0,4712.0,Sevilla
2019,common_soft_wheat,Las Palmas,1330.0,2188.0,Las Palmas
2019,common_soft_wheat,S.C. de Tenerife,945.0,1500.0,Santa Cruz de Tenerife
2020,common_soft_wheat,A Coruña,3040.0,,A Coruña
2020,common_soft_wheat,Lugo,2400.0,,Lugo
2020,common_soft_wheat,Ourense,2700.0,,Ourense
2020,common_soft_wheat,Pontevedra,2220.0,,Pontevedra
2020,common_soft_wheat, P. DE ASTURIAS,2000.0,,Asturias
2020,common_soft_wheat, CANTABRIA,2260.0,3390.0,Cantabria
2020,common_soft_wheat,Alava,7000.0,,Álava
2020,common_soft_wheat,Guipúzcoa,5710.0,,Gipuzkoa
2020,common_soft_wheat,Vizcaya,,,Bizkaia
2020,common_soft_wheat, NAVARRA,5301.0,5897.0,Navarra
2020,common_soft_wheat, LA RIOJA,5389.0,5550.0,La Rioja
2020,common_soft_wheat,Huesca,4593.0,5467.0,Huesca
2020,common_soft_wheat,Teruel,2624.0,4747.0,Teruel
2020,common_soft_wheat,Zaragoza,2610.0,4930.0,Zaragoza
2020,common_soft_wheat,Barcelona,4545.0,5865.0,Barcelona
2020,common_soft_wheat,Girona,3272.0,3887.0,Girona
2020,common_soft_wheat,Lleida,4551.0,7299.0,Lleida
2020,common_soft_wheat,Tarragona,3782.0,4645.0,Tarragona
2020,common_soft_wheat, BALEARES,1727.0,,Illes Balears
2020,common_soft_wheat,Avila,4206.0,5949.0,Ávila
2020,common_soft_wheat,Burgos,5215.0,6054.0,Burgos
2020,common_soft_wheat,León,3505.0,6404.0,León
2020,common_soft_wheat,Palencia,3598.0,4985.0,Palencia
2020,common_soft_wheat,Salamanca,4008.0,5542.0,Salamanca
2020,common_soft_wheat,Segovia,4000.0,5000.0,Segovia
2020,common_soft_wheat,Soria,4273.0,5998.0,Soria
2020,common_soft_wheat,Valladolid,4702.0,6018.0,Valladolid
2020,common_soft_wheat,Zamora,4079.0,5994.0,Zamora
2020,common_soft_wheat, MADRID,2623.0,3982.0,Madrid
2020,common_soft_wheat,Albacete,2550.0,7500.0,Albacete
2020,common_soft_wheat,Ciudad Real,3149.0,5198.0,Ciudad Real
2020,common_soft_wheat,Cuenca,3048.0,4899.0,Cuenca
2020,common_soft_wheat,Guadalajara,3992.0,5988.0,Guadalajara
2020,common_soft_wheat,Toledo,3239.0,5186.0,Toledo
2020,common_soft_wheat,Alicante,2500.0,5000.0,Alicante
2020,common_soft_wheat,Castellón,2150.0,4792.0,Castellón
2020,common_soft_wheat,Valencia,2933.0,4541.0,Valencia
2020,common_soft_wheat, R. DE MURCIA,2780.0,4788.0,Murcia
2020,common_soft_wheat,Badajoz,3158.0,3457.0,Badajoz
2020,common_soft_wheat,Cáceres,2433.0,2676.0,Cáceres
2020,common_soft_wheat,Almería,2376.0,2922.0,Almería
2020,common_soft_wheat,Cádiz,2487.0,3470.0,Cádiz
2020,common_soft_wheat,Córdoba,3500.0,4635.0,Córdoba
2020,common_soft_wheat,Granada,2207.0,3733.0,Granada
2020,common_soft_wheat,Huelva,3106.0,3982.0,Huelva
2020,common_soft_wheat,Jaén,3385.0,4033.0,Jaén
2020,common_soft_wheat,Málaga,2456.0,4089.0,Málaga
2020,common_soft_wheat,Sevilla,3500.0,4015.0,Sevilla
2020,common_soft_wheat,Las Palmas,995.0,2625.0,Las Palmas
2020,common_soft_wheat,S.C. de Tenerife,803.0,1500.0,Santa Cruz de Tenerife
2021,common_soft_wheat,A Coruña,3110.0,,A Coruña
2021,common_soft_wheat,Lugo,2650.0,,Lugo
2021,common_soft_wheat,Ourense,2825.0,,Ourense
2021,common_soft_wheat,Pontevedra,2315.0,,Pontevedra
2021,common_soft_wheat, P. DE ASTURIAS,2000.0,,Asturias
2021,common_soft_wheat, CANTABRIA,2800.0,4500.0,Cantabria
2021,common_soft_wheat,Alava,6700.0,,Álava
2021,common_soft_wheat,Guipúzcoa,5430.0,,Gipuzkoa
2021,common_soft_wheat,Vizcaya,,,Bizkaia
2021,common_soft_wheat, NAVARRA,4505.0,5881.0,Navarra
2021,common_soft_wheat, LA RIOJA,4698.0,5200.0,La Rioja
2021,common_soft_wheat,Huesca,3505.0,5641.0,Huesca
2021,common_soft_wheat,Teruel,3220.0,4997.0,Teruel
2021,common_soft_wheat,Zaragoza,2610.0,4930.0,Zaragoza
2021,common_soft_wheat,Barcelona,4402.0,5900.0,Barcelona
2021,common_soft_wheat,Girona,4533.0,4909.0,Girona
2021,common_soft_wheat,Lleida,4559.0,7288.0,Lleida
2021,common_soft_wheat,Tarragona,4348.0,4090.0,Tarragona
2021,common_soft_wheat, BALEARES,1890.0,,Illes Balears
2021,common_soft_wheat,Avila,3196.0,5376.0,Ávila
2021,common_soft_wheat,Burgos,4922.0,6313.0,Burgos
2021,common_soft_wheat,León,3100.0,6449.0,León
2021,common_soft_wheat,Palencia,4190.0,6209.0,Palencia
2021,common_soft_wheat,Salamanca,3469.0,5410.0,Salamanca
2021,common_soft_wheat,Segovia,3466.0,4492.0,Segovia
2021,common_soft_wheat,Soria,4121.0,5337.0,Soria
2021,common_soft_wheat,Valladolid,3778.0,5415.0,Valladolid
2021,common_soft_wheat,Zamora,3751.0,5913.0,Zamora
2021,common_soft_wheat, MADRID,3199.0,4486.0,Madrid
2021,common_soft_wheat,Albacete,2300.0,7600.0,Albacete
2021,common_soft_wheat,Ciudad Real,3178.0,4998.0,Ciudad Real
2021,common_soft_wheat,Cuenca,2948.0,5171.0,Cuenca
2021,common_soft_wheat,Guadalajara,3496.0,5857.0,Guadalajara
2021,common_soft_wheat,Toledo,2295.0,5171.0,Toledo
2021,common_soft_wheat,Alicante,2593.0,5791.0,Alicante
2021,common_soft_wheat,Castellón,2146.0,4742.0,Castellón
2021,common_soft_wheat,Valencia,3200.0,4600.0,Valencia
2021,common_soft_wheat, R. DE MURCIA,1923.0,3352.0,Murcia
2021,common_soft_wheat,Badajoz,2970.0,3564.0,Badajoz
2021,common_soft_wheat,Cáceres,2489.0,2989.0,Cáceres
2021,common_soft_wheat,Almería,1212.0,2854.0,Almería
2021,common_soft_wheat,Cádiz,2655.0,4774.0,Cádiz
2021,common_soft_wheat,Córdoba,2558.0,3778.0,Córdoba
2021,common_soft_wheat,Granada,1574.0,3675.0,Granada
2021,common_soft_wheat,Huelva,3798.0,4612.0,Huelva
2021,common_soft_wheat,Jaén,2275.0,3039.0,Jaén
2021,common_soft_wheat,Málaga,2354.0,3899.0,Málaga
2021,common_soft_wheat,Sevilla,3142.0,4041.0,Sevilla
2021,common_soft_wheat,Las Palmas,1034.0,2625.0,Las Palmas
2021,common_soft_wheat,S.C. de Tenerife,924.0,1500.0,Santa Cruz de Tenerife
2022,common_soft_wheat,A Coruña,3155.0,,A Coruña
2022,common_soft_wheat,Lugo,2725.0,,Lugo
2022,common_soft_wheat,Ourense,2990.0,,Ourense
2022,common_soft_wheat,Pontevedra,2320.0,,Pontevedra
2022,common_soft_wheat, P. DE ASTURIAS,1900.0,,Asturias
2022,common_soft_wheat, CANTABRIA,2200.0,4500.0,Cantabria
2022,common_soft_wheat,Alava,4500.0,,Álava
2022,common_soft_wheat,Guipúzcoa,4000.0,,Gipuzkoa
2022,common_soft_wheat,Vizcaya,,,Bizkaia
2022,common_soft_wheat, NAVARRA,3748.0,5683.0,Navarra
2022,common_soft_wheat, LA RIOJA,4636.0,5200.0,La Rioja
2022,common_soft_wheat,Huesca,2624.0,4780.0,Huesca
2022,common_soft_wheat,Teruel,1820.0,2960.0,Teruel
2022,common_soft_wheat,Zaragoza,1965.0,4620.0,Zaragoza
2022,common_soft_wheat,Barcelona,3032.0,4563.0,Barcelona
2022,common_soft_wheat,Girona,3848.0,4269.0,Girona
2022,common_soft_wheat,Lleida,2707.0,6250.0,Lleida
2022,common_soft_wheat,Tarragona,2189.0,2019.0,Tarragona
2022,common_soft_wheat, BALEARES,1700.0,,Illes Balears
2022,common_soft_wheat,Avila,1855.0,4610.0,Ávila
2022,common_soft_wheat,Burgos,3310.0,5385.0,Burgos
2022,common_soft_wheat,León,1950.0,5969.0,León
2022,common_soft_wheat,Palencia,3207.0,5749.0,Palencia
2022,common_soft_wheat,Salamanca,2670.0,5464.0,Salamanca
2022,common_soft_wheat,Segovia,2250.0,4491.0,Segovia
2022,common_soft_wheat,Soria,2171.0,4992.0,Soria
2022,common_soft_wheat,Valladolid,2530.0,4917.0,Valladolid
2022,common_soft_wheat,Zamora,1602.0,4100.0,Zamora
2022,common_soft_wheat, MADRID,2794.0,2830.0,Madrid
2022,common_soft_wheat,Albacete,1750.0,7000.0,Albacete
2022,common_soft_wheat,Ciudad Real,2284.0,4785.0,Ciudad Real
2022,common_soft_wheat,Cuenca,1849.0,4480.0,Cuenca
2022,common_soft_wheat,Guadalajara,3196.0,5164.0,Guadalajara
2022,common_soft_wheat,Toledo,1896.0,4669.0,Toledo
2022,common_soft_wheat,Alicante,1362.0,4290.0,Alicante
2022,common_soft_wheat,Castellón,1501.0,4800.0,Castellón
2022,common_soft_wheat,Valencia,1711.0,4700.0,Valencia
2022,common_soft_wheat, R. DE MURCIA,1920.0,3742.0,Murcia
2022,common_soft_wheat,Badajoz,2771.0,3305.0,Badajoz
2022,common_soft_wheat,Cáceres,2873.0,3500.0,Cáceres
2022,common_soft_wheat,Almería,1074.0,2786.0,Almería
2022,common_soft_wheat,Cádiz,2459.0,3447.0,Cádiz
2022,common_soft_wheat,Córdoba,2105.0,3757.0,Córdoba
2022,common_soft_wheat,Granada,699.0,2981.0,Granada
2022,common_soft_wheat,Huelva,2803.0,3931.0,Huelva
2022,common_soft_wheat,Jaén,2079.0,3027.0,Jaén
2022,common_soft_wheat,Málaga,1978.0,3790.0,Málaga
2022,common_soft_wheat,Sevilla,2075.0,2956.0,Sevilla
2022,common_soft_wheat,Las Palmas,1052.0,2625.0,Las Palmas
2022,common_soft_wheat,S.C. de Tenerife,1016.0,1500.0,Santa Cruz de Tenerife
2023,common_soft_wheat,A Coruña,3040.0,0.0,A Coruña
2023,common_soft_wheat,Lugo,2480.0,0.0,Lugo
2023,common_soft_wheat,Ourense,3100.0,0.0,Ourense
2023,common_soft_wheat,Pontevedra,2200.0,0.0,Pontevedra
2023,common_soft_wheat, P. DE ASTURIAS,0.0,0.0,Asturias
2023,common_soft_wheat, CANTABRIA,2200.0,4500.0,Cantabria
2023,common_soft_wheat,Álava,5500.0,0.0,Álava
2023,common_soft_wheat,Guipúzcoa,5000.0,0.0,Gipuzkoa
2023,common_soft_wheat,Vizcaya,0.0,0.0,Bizkaia
2023,common_soft_wheat, NAVARRA,3903.0,5584.0,Navarra
2023,common_soft_wheat, LA RIOJA,2346.0,4900.0,La Rioja
2023,common_soft_wheat,Huesca,1766.0,5105.0,Huesca
2023,common_soft_wheat,Teruel,796.0,3115.0,Teruel
2023,common_soft_wheat,Zaragoza,767.0,5072.0,Zaragoza
2023,common_soft_wheat,Barcelona,1026.0,5404.0,Barcelona
2023,common_soft_wheat,Girona,2256.0,3032.0,Girona
2023,common_soft_wheat,Lleida,607.0,4630.0,Lleida
2023,common_soft_wheat,Tarragona,1267.0,1580.0,Tarragona
2023,common_soft_wheat, BALEARES,1870.0,0.0,Illes Balears
2023,common_soft_wheat,Ávila,912.0,5004.0,Ávila
2023,common_soft_wheat,Burgos,2637.0,5072.0,Burgos
2023,common_soft_wheat,León,1225.0,6484.0,León
2023,common_soft_wheat,Palencia,2528.0,5197.0,Palencia
2023,common_soft_wheat,Salamanca,2300.0,6000.0,Salamanca
2023,common_soft_wheat,Segovia,1566.0,3000.0,Segovia
2023,common_soft_wheat,Soria,958.0,3100.0,Soria
2023,common_soft_wheat,Valladolid,1597.0,4920.0,Valladolid
2023,common_soft_wheat,Zamora,1593.0,4441.0,Zamora
2023,common_soft_wheat, MADRID,1363.0,4199.0,Madrid
2023,common_soft_wheat,Albacete,325.0,7060.0,Albacete
2023,common_soft_wheat,Ciudad Real,500.0,2838.0,Ciudad Real
2023,common_soft_wheat,Cuenca,800.0,4000.0,Cuenca
2023,common_soft_wheat,Guadalajara,1799.0,4988.0,Guadalajara
2023,common_soft_wheat,Toledo,379.0,4686.0,Toledo
2023,common_soft_wheat,Alicante,290.0,2998.0,Alicante
2023,common_soft_wheat,Castellón,1590.0,4800.0,Castellón
2023,common_soft_wheat,Valencia,801.0,4002.0,Valencia
2023,common_soft_wheat, R. DE MURCIA,420.0,3451.0,Murcia
2023,common_soft_wheat,Badajoz,1103.0,2877.0,Badajoz
2023,common_soft_wheat,Cáceres,805.0,2075.0,Cáceres
2023,common_soft_wheat,Almería,80.0,2722.0,Almería
2023,common_soft_wheat,Cádiz,1328.0,3750.0,Cádiz
2023,common_soft_wheat,Córdoba,1120.0,3700.0,Córdoba
2023,common_soft_wheat,Granada,465.0,2141.0,Granada
2023,common_soft_wheat,Huelva,1693.0,1963.0,Huelva
2023,common_soft_wheat,Jaén,770.0,1208.0,Jaén
2023,common_soft_wheat,Málaga,800.0,3400.0,Málaga
2023,common_soft_wheat,Sevilla,1234.0,2987.0,Sevilla
2023,common_soft_wheat,Las Palmas,1000.0,0.0,Las Palmas
2023,common_soft_wheat,S.C. de Tenerife,965.0,1500.0,Santa Cruz de Tenerife
2017,barley,A Coruña,2100.0,,A Coruña
2017,barley,Lugo,1760.0,,Lugo
2017,barley,Ourense,1760.0,,Ourense
2017,barley,Pontevedra,,,Pontevedra
2017,barley, P. DE ASTURIAS,,,Asturias
2017,barley, CANTABRIA,1300.0,,Cantabria
2017,barley,Alava,4800.0,,Álava
2017,barley,Guipúzcoa,,,Gipuzkoa
2017,barley,Vizcaya,,,Bizkaia
2017,barley, NAVARRA,3991.0,5094.0,Navarra
2017,barley, LA RIOJA,3313.0,4850.0,La Rioja
2017,barley,Huesca,3461.0,5846.0,Huesca
2017,barley,Teruel,1345.0,3677.0,Teruel
2017,barley,Zaragoza,1699.0,4476.0,Zaragoza
2017,barley,Barcelona,3299.0,5433.0,Barcelona
2017,barley,Girona,2587.0,3840.0,Girona
2017,barley,Lleida,3255.0,5487.0,Lleida
2017,barley,Tarragona,2206.0,2802.0,Tarragona
2017,barley, BALEARES,1482.0,,Illes Balears
2017,barley,Avila,475.0,3173.0,Ávila
2017,barley,Burgos,1608.0,3005.0,Burgos
2017,barley,León,642.0,3241.0,León
2017,barley,Palencia,751.0,3028.0,Palencia
2017,barley,Salamanca,1254.0,2196.0,Salamanca
2017,barley,Segovia,1200.0,3019.0,Segovia
2017,barley,Soria,1416.0,3458.0,Soria
2017,barley,Valladolid,611.0,3764.0,Valladolid
2017,barley,Zamora,894.0,3687.0,Zamora
2017,barley, MADRID,1258.0,3745.0,Madrid
2017,barley,Albacete,1764.0,6500.0,Albacete
2017,barley,Ciudad Real,2015.0,4530.0,Ciudad Real
2017,barley,Cuenca,2640.0,5500.0,Cuenca
2017,barley,Guadalajara,1700.0,2300.0,Guadalajara
2017,barley,Toledo,1312.0,4500.0,Toledo
2017,barley,Alicante,1049.0,4500.0,Alicante
2017,barley,Castellón,1200.0,3705.0,Castellón
2017,barley,Valencia,1815.0,4772.0,Valencia
2017,barley, R. DE MURCIA,1030.0,2523.0,Murcia
2017,barley,Badajoz,2088.0,3758.0,Badajoz
2017,barley,Cáceres,1854.0,3338.0,Cáceres
2017,barley,Almería,1481.0,3100.0,Almería
2017,barley,Cádiz,3020.0,2490.0,Cádiz
2017,barley,Córdoba,1504.0,3800.0,Córdoba
2017,barley,Granada,1306.0,2750.0,Granada
2017,barley,Huelva,3877.0,,Huelva
2017,barley,Jaén,2125.0,3900.0,Jaén
2017,barley,Málaga,2520.0,3700.0,Málaga
2017,barley,Sevilla,2232.0,2902.0,Sevilla
2017,barley,Las Palmas,1492.0,3500.0,Las Palmas
2017,barley,S.C. de Tenerife,1000.0,1500.0,Santa Cruz de Tenerife
2018,barley,A Coruña,2080.0,,A Coruña
2018,barley,Lugo,2150.0,,Lugo
2018,barley,Ourense,2150.0,,Ourense
2018,barley,Pontevedra,,,Pontevedra
2018,barley, P. DE ASTURIAS,,,Asturias
2018,barley, CANTABRIA,1504.0,,Cantabria
2018,barley,Alava,4400.0,,Álava
2018,barley,Guipúzcoa,,,Gipuzkoa
2018,barley,Vizcaya,,,Bizkaia
2018,barley, NAVARRA,3849.0,4887.0,Navarra
2018,barley, LA RIOJA,4896.0,5500.0,La Rioja
2018,barley,Huesca,3463.0,6017.0,Huesca
2018,barley,Teruel,2346.0,3744.0,Teruel
2018,barley,Zaragoza,2336.0,4406.0,Zaragoza
2018,barley,Barcelona,4678.0,6347.0,Barcelona
2018,barley,Girona,3339.0,4244.0,Girona
2018,barley,Lleida,4057.0,6918.0,Lleida
2018,barley,Tarragona,3330.0,2781.0,Tarragona
2018,barley, BALEARES,1663.0,,Illes Balears
2018,barley,Avila,2846.0,4373.0,Ávila
2018,barley,Burgos,4324.0,5022.0,Burgos
2018,barley,León,3567.0,5371.0,León
2018,barley,Palencia,4357.0,5586.0,Palencia
2018,barley,Salamanca,3878.0,5100.0,Salamanca
2018,barley,Segovia,3100.0,4580.0,Segovia
2018,barley,Soria,3445.0,4433.0,Soria
2018,barley,Valladolid,3892.0,5000.0,Valladolid
2018,barley,Zamora,3866.0,5295.0,Zamora
2018,barley, MADRID,3150.0,5338.0,Madrid
2018,barley,Albacete,2300.0,6596.0,Albacete
2018,barley,Ciudad Real,2160.0,5130.0,Ciudad Real
2018,barley,Cuenca,2967.0,5400.0,Cuenca
2018,barley,Guadalajara,2900.0,5000.0,Guadalajara
2018,barley,Toledo,3199.0,6190.0,Toledo
2018,barley,Alicante,800.0,4500.0,Alicante
2018,barley,Castellón,1109.0,3705.0,Castellón
2018,barley,Valencia,2600.0,4520.0,Valencia
2018,barley, R. DE MURCIA,1176.0,2683.0,Murcia
2018,barley,Badajoz,4168.0,4225.0,Badajoz
2018,barley,Cáceres,3125.0,3525.0,Cáceres
2018,barley,Almería,1730.0,2873.0,Almería
2018,barley,Cádiz,5510.0,3000.0,Cádiz
2018,barley,Córdoba,4340.0,4340.0,Córdoba
2018,barley,Granada,1907.0,2624.0,Granada
2018,barley,Huelva,3766.0,4104.0,Huelva
2018,barley,Jaén,3460.0,4914.0,Jaén
2018,barley,Málaga,3947.0,4013.0,Málaga
2018,barley,Sevilla,3795.0,4260.0,Sevilla
2018,barley,Las Palmas,1486.0,3163.0,Las Palmas
2018,barley,S.C. de Tenerife,1050.0,1500.0,Santa Cruz de Tenerife
2019,barley,A Coruña,2100.0,,A Coruña
2019,barley,Lugo,2350.0,,Lugo
2019,barley,Ourense,2250.0,,Ourense
2019,barley,Pontevedra,1950.0,,Pontevedra
2019,barley, P. DE ASTURIAS,,,Asturias
2019,barley, CANTABRIA,1687.0,,Cantabria
2019,barley,Alava,7000.0,,Álava
2019,barley,Guipúzcoa,,,Gipuzkoa
2019,barley,Vizcaya,,,Bizkaia
2019,barley, NAVARRA,3894.0,5340.0,Navarra
2019,barley, LA RIOJA,4591.0,5500.0,La Rioja
2019,barley,Huesca,2990.0,6105.0,Huesca
2019,barley,Teruel,2017.0,3896.0,Teruel
2019,barley,Zaragoza,2047.0,5254.0,Zaragoza
2019,barley,Barcelona,3653.0,5836.0,Barcelona
2019,barley,Girona,4108.0,4503.0,Girona
2019,barley,Lleida,2425.0,4143.0,Lleida
2019,barley,Tarragona,2247.0,2830.0,Tarragona
2019,barley, BALEARES,1365.0,,Illes Balears
2019,barley,Avila,1240.0,3463.0,Ávila
2019,barley,Burgos,3942.0,5093.0,Burgos
2019,barley,León,1795.0,5167.0,León
2019,barley,Palencia,2807.0,4781.0,Palencia
2019,barley,Salamanca,1599.0,4300.0,Salamanca
2019,barley,Segovia,2308.0,3500.0,Segovia
2019,barley,Soria,3174.0,4630.0,Soria
2019,barley,Valladolid,2246.0,4455.0,Valladolid
2019,barley,Zamora,2342.0,4603.0,Zamora
2019,barley, MADRID,1784.0,4235.0,Madrid
2019,barley,Albacete,2400.0,6700.0,Albacete
2019,barley,Ciudad Real,1833.0,3388.0,Ciudad Real
2019,barley,Cuenca,2300.0,5000.0,Cuenca
2019,barley,Guadalajara,2800.0,4500.0,Guadalajara
2019,barley,Toledo,1259.0,4970.0,Toledo
2019,barley,Alicante,950.0,4000.0,Alicante
2019,barley,Castellón,1387.0,3510.0,Castellón
2019,barley,Valencia,1450.0,3800.0,Valencia
2019,barley, R. DE MURCIA,1294.0,2951.0,Murcia
2019,barley,Badajoz,1924.0,2518.0,Badajoz
2019,barley,Cáceres,1333.0,2072.0,Cáceres
2019,barley,Almería,1772.0,2659.0,Almería
2019,barley,Cádiz,1247.0,3000.0,Cádiz
2019,barley,Córdoba,1765.0,3865.0,Córdoba
2019,barley,Granada,1504.0,2384.0,Granada
2019,barley,Huelva,2378.0,2850.0,Huelva
2019,barley,Jaén,2395.0,2985.0,Jaén
2019,barley,Málaga,2840.0,3962.0,Málaga
2019,barley,Sevilla,3051.0,3579.0,Sevilla
2019,barley,Las Palmas,1339.0,3163.0,Las Palmas
2019,barley,S.C. de Tenerife,945.0,1500.0,Santa Cruz de Tenerife
2020,barley,A Coruña,2060.0,,A Coruña
2020,barley,Lugo,2150.0,,Lugo
2020,barley,Ourense,2150.0,,Ourense
2020,barley,Pontevedra,1975.0,,Pontevedra
2020,barley, P. DE ASTURIAS,,,Asturias
2020,barley, CANTABRIA,2256.0,,Cantabria
2020,barley,Alava,6675.0,,Álava
2020,barley,Guipúzcoa,,,Gipuzkoa
2020,barley,Vizcaya,,,Bizkaia
2020,barley, NAVARRA,4147.0,5029.0,Navarra
2020,barley, LA RIOJA,5167.0,5600.0,La Rioja
2020,barley,Huesca,3710.0,5260.0,Huesca
2020,barley,Teruel,3090.0,4897.0,Teruel
2020,barley,Zaragoza,2950.0,5100.0,Zaragoza
2020,barley,Barcelona,4019.0,5999.0,Barcelona
2020,barley,Girona,2333.0,3289.0,Girona
2020,barley,Lleida,4546.0,7770.0,Lleida
2020,barley,Tarragona,3382.0,5670.0,Tarragona
2020,barley, BALEARES,1332.0,,Illes Balears
2020,barley,Avila,3965.0,5747.0,Ávila
2020,barley,Burgos,5274.0,6034.0,Burgos
2020,barley,León,3960.0,5492.0,León
2020,barley,Palencia,4785.0,5962.0,Palencia
2020,barley,Salamanca,4117.0,4926.0,Salamanca
2020,barley,Segovia,4000.0,5000.0,Segovia
2020,barley,Soria,4119.0,5800.0,Soria
2020,barley,Valladolid,4489.0,5899.0,Valladolid
2020,barley,Zamora,4117.0,6000.0,Zamora
2020,barley, MADRID,2570.0,4235.0,Madrid
2020,barley,Albacete,2950.0,6750.0,Albacete
2020,barley,Ciudad Real,3172.0,5230.0,Ciudad Real
2020,barley,Cuenca,3500.0,5500.0,Cuenca
2020,barley,Guadalajara,3500.0,5000.0,Guadalajara
2020,barley,Toledo,3580.0,5450.0,Toledo
2020,barley,Alicante,2250.0,4494.0,Alicante
2020,barley,Castellón,1980.0,3900.0,Castellón
2020,barley,Valencia,3023.0,4354.0,Valencia
2020,barley, R. DE MURCIA,3190.0,3859.0,Murcia
2020,barley,Badajoz,2942.0,3200.0,Badajoz
2020,barley,Cáceres,2479.0,2935.0,Cáceres
2020,barley,Almería,3314.0,3126.0,Almería
2020,barley,Cádiz,2309.0,2349.0,Cádiz
2020,barley,Córdoba,3385.0,4855.0,Córdoba
2020,barley,Granada,2141.0,2897.0,Granada
2020,barley,Huelva,2818.0,4269.0,Huelva
2020,barley,Jaén,2750.0,3419.0,Jaén
2020,barley,Málaga,2838.0,3980.0,Málaga
2020,barley,Sevilla,3022.0,3421.0,Sevilla
2020,barley,Las Palmas,1007.0,2625.0,Las Palmas
2020,barley,S.C. de Tenerife,803.0,1500.0,Santa Cruz de Tenerife
2021,barley,A Coruña,2200.0,,A Coruña
2021,barley,Lugo,2300.0,,Lugo
2021,barley,Ourense,2300.0,,Ourense
2021,barley,Pontevedra,2050.0,,Pontevedra
2021,barley, P. DE ASTURIAS,,,Asturias
2021,barley, CANTABRIA,2270.0,,Cantabria
2021,barley,Alava,6100.0,,Álava
2021,barley,Guipúzcoa,,,Gipuzkoa
2021,barley,Vizcaya,,,Bizkaia
2021,barley, NAVARRA,3698.0,4891.0,Navarra
2021,barley, LA RIOJA,4433.0,5000.0,La Rioja
2021,barley,Huesca,3133.0,6059.0,Huesca
2021,barley,Teruel,2997.0,4921.0,Teruel
2021,barley,Zaragoza,2950.0,5100.0,Zaragoza
2021,barley,Barcelona,3708.0,5605.0,Barcelona
2021,barley,Girona,3827.0,4451.0,Girona
2021,barley,Lleida,4138.0,7504.0,Lleida
2021,barley,Tarragona,3616.0,4690.0,Tarragona
2021,barley, BALEARES,1390.0,,Illes Balears
2021,barley,Avila,3048.0,4646.0,Ávila
2021,barley,Burgos,4419.0,5878.0,Burgos
2021,barley,León,3300.0,5250.0,León
2021,barley,Palencia,3607.0,4816.0,Palencia
2021,barley,Salamanca,3350.0,5025.0,Salamanca
2021,barley,Segovia,3276.0,4300.0,Segovia
2021,barley,Soria,3679.0,5169.0,Soria
2021,barley,Valladolid,3669.0,5005.0,Valladolid
2021,barley,Zamora,3611.0,6000.0,Zamora
2021,barley, MADRID,2345.0,3658.0,Madrid
2021,barley,Albacete,2630.0,6800.0,Albacete
2021,barley,Ciudad Real,3030.0,5170.0,Ciudad Real
2021,barley,Cuenca,3300.0,5300.0,Cuenca
2021,barley,Guadalajara,3000.0,6000.0,Guadalajara
2021,barley,Toledo,2667.0,4685.0,Toledo
2021,barley,Alicante,2263.0,4910.0,Alicante
2021,barley,Castellón,1848.0,3850.0,Castellón
2021,barley,Valencia,3250.0,4200.0,Valencia
2021,barley, R. DE MURCIA,2240.0,2703.0,Murcia
2021,barley,Badajoz,2675.0,3210.0,Badajoz
2021,barley,Cáceres,1938.0,2326.0,Cáceres
2021,barley,Almería,1323.0,3414.0,Almería
2021,barley,Cádiz,2605.0,4000.0,Cádiz
2021,barley,Córdoba,2160.0,3000.0,Córdoba
2021,barley,Granada,1347.0,2969.0,Granada
2021,barley,Huelva,3432.0,4135.0,Huelva
2021,barley,Jaén,2122.0,2961.0,Jaén
2021,barley,Málaga,2420.0,3807.0,Málaga
2021,barley,Sevilla,3010.0,3820.0,Sevilla
2021,barley,Las Palmas,1046.0,2264.0,Las Palmas
2021,barley,S.C. de Tenerife,924.0,1500.0,Santa Cruz de Tenerife
2022,barley,A Coruña,2325.0,,A Coruña
2022,barley,Lugo,2375.0,,Lugo
2022,barley,Ourense,2425.0,,Ourense
2022,barley,Pontevedra,2125.0,,Pontevedra
2022,barley, P. DE ASTURIAS,,,Asturias
2022,barley, CANTABRIA,1920.0,4000.0,Cantabria
2022,barley,Alava,4400.0,,Álava
2022,barley,Guipúzcoa,,,Gipuzkoa
2022,barley,Vizcaya,,,Bizkaia
2022,barley, NAVARRA,3680.0,4870.0,Navarra
2022,barley, LA RIOJA,4450.0,5000.0,La Rioja
2022,barley,Huesca,2701.0,4101.0,Huesca
2022,barley,Teruel,1977.0,3760.0,Teruel
2022,barley,Zaragoza,2010.0,5110.0,Zaragoza
2022,barley,Barcelona,2692.0,4479.0,Barcelona
2022,barley,Girona,3375.0,3888.0,Girona
2022,barley,Lleida,2683.0,6933.0,Lleida
2022,barley,Tarragona,2166.0,2004.0,Tarragona
2022,barley, BALEARES,1650.0,,Illes Balears
2022,barley,Avila,2078.0,3887.0,Ávila
2022,barley,Burgos,3471.0,5096.0,Burgos
2022,barley,León,1970.0,4350.0,León
2022,barley,Palencia,3385.0,5235.0,Palencia
2022,barley,Salamanca,2600.0,4916.0,Salamanca
2022,barley,Segovia,2400.0,4500.0,Segovia
2022,barley,Soria,2231.0,4800.0,Soria
2022,barley,Valladolid,2562.0,5000.0,Valladolid
2022,barley,Zamora,1681.0,4087.0,Zamora
2022,barley, MADRID,2769.0,3345.0,Madrid
2022,barley,Albacete,2250.0,6400.0,Albacete
2022,barley,Ciudad Real,1824.0,5060.0,Ciudad Real
2022,barley,Cuenca,2200.0,5300.0,Cuenca
2022,barley,Guadalajara,3000.0,5000.0,Guadalajara
2022,barley,Toledo,2187.0,4666.0,Toledo
2022,barley,Alicante,1175.0,3662.0,Alicante
2022,barley,Castellón,1295.0,3900.0,Castellón
2022,barley,Valencia,1802.0,4700.0,Valencia
2022,barley, R. DE MURCIA,2734.0,3931.0,Murcia
2022,barley,Badajoz,2628.0,3187.0,Badajoz
2022,barley,Cáceres,1460.0,1811.0,Cáceres
2022,barley,Almería,1063.0,2964.0,Almería
2022,barley,Cádiz,2912.0,3910.0,Cádiz
2022,barley,Córdoba,2094.0,3000.0,Córdoba
2022,barley,Granada,634.0,1928.0,Granada
2022,barley,Huelva,2600.0,3250.0,Huelva
2022,barley,Jaén,1650.0,2473.0,Jaén
2022,barley,Málaga,2198.0,3874.0,Málaga
2022,barley,Sevilla,2378.0,2918.0,Sevilla
2022,barley,Las Palmas,1103.0,2625.0,Las Palmas
2022,barley,S.C. de Tenerife,1016.0,1500.0,Santa Cruz de Tenerife
2023,barley,A Coruña,2060.0,0.0,A Coruña
2023,barley,Lugo,2150.0,0.0,Lugo
2023,barley,Ourense,3000.0,0.0,Ourense
2023,barley,Pontevedra,2150.0,0.0,Pontevedra
2023,barley, P. DE ASTURIAS,0.0,0.0,Asturias
2023,barley, CANTABRIA,830.0,4000.0,Cantabria
2023,barley,Álava,5500.0,0.0,Álava
2023,barley,Guipúzcoa,0.0,0.0,Gipuzkoa
2023,barley,Vizcaya,0.0,0.0,Bizkaia
2023,barley, NAVARRA,3407.0,4669.0,Navarra
2023,barley, LA RIOJA,2245.0,4650.0,La Rioja
2023,barley,Huesca,835.0,4038.0,Huesca
2023,barley,Teruel,700.0,2500.0,Teruel
2023,barley,Zaragoza,835.0,5030.0,Zaragoza
2023,barley,Barcelona,787.0,5302.0,Barcelona
2023,barley,Girona,2018.0,3059.0,Girona
2023,barley,Lleida,525.0,5140.0,Lleida
2023,barley,Tarragona,1197.0,1500.0,Tarragona
2023,barley, BALEARES,1723.0,0.0,Illes Balears
2023,barley,Ávila,849.0,4127.0,Ávila
2023,barley,Burgos,2329.0,5317.0,Burgos
2023,barley,León,1530.0,5400.0,León
2023,barley,Palencia,2085.0,4527.0,Palencia
2023,barley,Salamanca,1850.0,5273.0,Salamanca
2023,barley,Segovia,1656.0,3000.0,Segovia
2023,barley,Soria,911.0,3000.0,Soria
2023,barley,Valladolid,1462.0,4533.0,Valladolid
2023,barley,Zamora,1549.0,4413.0,Zamora
2023,barley, MADRID,1138.0,2097.0,Madrid
2023,barley,Albacete,400.0,6500.0,Albacete
2023,barley,Ciudad Real,349.0,2010.0,Ciudad Real
2023,barley,Cuenca,900.0,4350.0,Cuenca
2023,barley,Guadalajara,1500.0,4500.0,Guadalajara
2023,barley,Toledo,402.0,4682.0,Toledo
2023,barley,Alicante,556.0,2665.0,Alicante
2023,barley,Castellón,1850.0,3900.0,Castellón
2023,barley,Valencia,860.0,4000.0,Valencia
2023,barley, R. DE MURCIA,1131.0,3779.0,Murcia
2023,barley,Badajoz,1189.0,2973.0,Badajoz
2023,barley,Cáceres,741.0,1850.0,Cáceres
2023,barley,Almería,40.0,2875.0,Almería
2023,barley,Cádiz,921.0,3465.0,Cádiz
2023,barley,Córdoba,1160.0,1367.0,Córdoba
2023,barley,Granada,500.0,1877.0,Granada
2023,barley,Huelva,910.0,1318.0,Huelva
2023,barley,Jaén,661.0,1061.0,Jaén
2023,barley,Málaga,800.0,3000.0,Málaga
2023,barley,Sevilla,1080.0,2970.0,Sevilla
2023,barley,Las Palmas,1048.0,2625.0,Las Palmas
2023,barley,S.C. de Tenerife,965.0,1500.0,Santa Cruz de Tenerife
