provincia_estandar,propiedad,profundidad,valor,n_pixeles_validos,peso_cm,valor_ponderado
Barcelona,clay,0-5cm,25.852591386539483,138806,5,129.26295693269742
Burgos,clay,0-5cm,27.927340691008947,287319,5,139.63670345504474
Cáceres,clay,0-5cm,16.513184513981535,378535,5,82.56592256990768
Cádiz,clay,0-5cm,30.993590731211288,129812,5,154.96795365605644
Castellón,clay,0-5cm,24.71140221779747,127063,5,123.55701108898735
Ciudad Real,clay,0-5cm,23.20427771063902,377328,5,116.0213885531951
Córdoba,clay,0-5cm,26.543608172086476,257266,5,132.71804086043238
A Coruña,clay,0-5cm,16.23543292287751,154300,5,81.17716461438755
Cuenca,clay,0-5cm,23.524311467427957,330667,5,117.62155733713979
Girona,clay,0-5cm,24.286249146100086,114182,5,121.43124573050044
Granada,clay,0-5cm,24.013790473755964,234720,5,120.06895236877982
Guadalajara,clay,0-5cm,22.763002436308533,238886,5,113.81501218154267
Gipuzkoa,clay,0-5cm,26.680096620866987,38501,5,133.40048310433494
Huelva,clay,0-5cm,20.783250072818603,181959,5,103.91625036409302
Huesca,clay,0-5cm,25.102057454283226,313397,5,125.51028727141613
Jaén,clay,0-5cm,29.019647573260794,252932,5,145.09823786630398
León,clay,0-5cm,20.245086177158264,313076,5,101.22543088579133
Lleida,clay,0-5cm,25.228210646086872,242568,5,126.14105323043435
La Rioja,clay,0-5cm,27.065080938550143,100879,5,135.3254046927507
Lugo,clay,0-5cm,15.966860152206388,198809,5,79.83430076103194
Madrid,clay,0-5cm,23.114582625679347,141312,5,115.57291312839673
Málaga,clay,0-5cm,29.984643053939873,130664,5,149.92321526969937
Murcia,clay,0-5cm,26.756343715880867,209743,5,133.78171857940433
Navarra,clay,0-5cm,30.286550942890123,208773,5,151.43275471445062
Ourense,clay,0-5cm,14.642753362234933,144398,5,73.21376681117466
Asturias,clay,0-5cm,22.235640699373203,212190,5,111.17820349686602
Palencia,clay,0-5cm,26.324653372847695,161629,5,131.62326686423847
Pontevedra,clay,0-5cm,14.568270139691208,85689,5,72.84135069845604
Salamanca,clay,0-5cm,17.36029933696944,241467,5,86.8014966848472
Cantabria,clay,0-5cm,25.284958209269597,104449,5,126.42479104634799
Segovia,clay,0-5cm,21.85113465887054,136649,5,109.25567329435269
Sevilla,clay,0-5cm,30.422312713830667,254290,5,152.11156356915333
Soria,clay,0-5cm,23.419164253206453,205445,5,117.09582126603226
Tarragona,clay,0-5cm,26.03848355152736,119160,5,130.1924177576368
Teruel,clay,0-5cm,21.56048247207805,291706,5,107.80241236039025
Toledo,clay,0-5cm,22.444116796663728,293981,5,112.22058398331865
Valencia,clay,0-5cm,25.513783410716528,199225,5,127.56891705358264
Valladolid,clay,0-5cm,24.32513007804683,159904,5,121.62565039023414
Bizkaia,clay,0-5cm,26.387781861292233,42175,5,131.93890930646117
Zamora,clay,0-5cm,20.530341927577673,208085,5,102.65170963788836
Zaragoza,clay,0-5cm,27.74891672149638,340448,5,138.7445836074819
Illes Balears,clay,0-5cm,26.803553734650023,89821,5,134.01776867325012
Álava,clay,0-5cm,30.415037731155156,60295,5,152.07518865577578
Albacete,clay,0-5cm,23.485261508036693,285192,5,117.42630754018347
Alicante,clay,0-5cm,26.69413673392903,101394,5,133.47068366964515
Almería,clay,0-5cm,23.753601329683708,161843,5,118.76800664841853
Ávila,clay,0-5cm,17.973638518687995,157347,5,89.86819259343997
Badajoz,clay,0-5cm,19.556650097127537,406167,5,97.7832504856377
Las Palmas,clay,0-5cm,24.10571488113368,62381,5,120.5285744056684
Santa Cruz de Tenerife,clay,0-5cm,29.11454258014133,52501,5,145.57271290070665
Barcelona,clay,5-15cm,25.142268345748743,138806,10,251.42268345748744
Burgos,clay,5-15cm,28.332083154960166,287319,10,283.3208315496017
Cáceres,clay,5-15cm,16.111313352794326,378535,10,161.11313352794326
Cádiz,clay,5-15cm,32.24447354635935,129812,10,322.44473546359353
Castellón,clay,5-15cm,24.87572464053265,127063,10,248.7572464053265
Ciudad Real,clay,5-15cm,22.92976216978332,377328,10,229.2976216978332
Córdoba,clay,5-15cm,26.753793350073465,257266,10,267.53793350073465
A Coruña,clay,5-15cm,15.791101101749836,154300,10,157.91101101749837
Cuenca,clay,5-15cm,23.791097690425715,330667,10,237.91097690425715
Girona,clay,5-15cm,22.93954038289748,114182,10,229.3954038289748
Granada,clay,5-15cm,24.05571872869802,234720,10,240.55718728698022
Guadalajara,clay,5-15cm,23.250505680533813,238886,10,232.50505680533814
Gipuzkoa,clay,5-15cm,27.598631204384304,38501,10,275.98631204384304
Huelva,clay,5-15cm,21.219328530053474,181959,10,212.19328530053474
Huesca,clay,5-15cm,24.87597520078367,313397,10,248.7597520078367
Jaén,clay,5-15cm,30.2354071450034,252932,10,302.354071450034
León,clay,5-15cm,19.83522435446984,313076,10,198.3522435446984
Lleida,clay,5-15cm,25.108719204511722,242568,10,251.0871920451172
La Rioja,clay,5-15cm,27.276886170560772,100879,10,272.7688617056077
Lugo,clay,5-15cm,15.49326640142046,198809,10,154.9326640142046
Madrid,clay,5-15cm,22.76673530910326,141312,10,227.66735309103262
Málaga,clay,5-15cm,30.764433202718426,130664,10,307.64433202718425
Murcia,clay,5-15cm,27.51228980228184,209743,10,275.1228980228184
Navarra,clay,5-15cm,30.65764921709225,208773,10,306.5764921709225
Ourense,clay,5-15cm,13.980406238313549,144398,10,139.8040623831355
Asturias,clay,5-15cm,22.571473207973987,212190,10,225.71473207973986
Palencia,clay,5-15cm,26.623759968817478,161629,10,266.2375996881748
Pontevedra,clay,5-15cm,13.94995623708994,85689,10,139.4995623708994
Salamanca,clay,5-15cm,16.60030190460808,241467,10,166.0030190460808
Cantabria,clay,5-15cm,26.030329634558495,104449,10,260.30329634558495
Segovia,clay,5-15cm,21.13601270408126,136649,10,211.36012704081259
Sevilla,clay,5-15cm,31.582773998191044,254290,10,315.82773998191044
Soria,clay,5-15cm,23.11592056268101,205445,10,231.1592056268101
Tarragona,clay,5-15cm,26.196755622692177,119160,10,261.9675562269218
Teruel,clay,5-15cm,21.601686629688796,291706,10,216.01686629688797
Toledo,clay,5-15cm,22.04816297651889,293981,10,220.48162976518887
Valencia,clay,5-15cm,25.692674614129754,199225,10,256.92674614129754
Valladolid,clay,5-15cm,23.90293988893336,159904,10,239.0293988893336
Bizkaia,clay,5-15cm,27.226916419679906,42175,10,272.26916419679907
Zamora,clay,5-15cm,20.121541677679794,208085,10,201.21541677679795
Zaragoza,clay,5-15cm,27.17320618714165,340448,10,271.7320618714165
Illes Balears,clay,5-15cm,27.14651696151234,89821,10,271.4651696151234
Álava,clay,5-15cm,31.20389916245128,60295,10,312.0389916245128
Albacete,clay,5-15cm,23.583553185222588,285192,10,235.83553185222587
Alicante,clay,5-15cm,27.680657632601537,101394,10,276.8065763260154
Almería,clay,5-15cm,23.669405534993793,161843,10,236.6940553499379
Ávila,clay,5-15cm,16.856714141356367,157347,10,168.56714141356366
Badajoz,clay,5-15cm,19.648644523065634,406167,10,196.48644523065633
Las Palmas,clay,5-15cm,25.313111364037127,62381,10,253.13111364037127
Santa Cruz de Tenerife,clay,5-15cm,31.76127121388164,52501,10,317.6127121388164
Barcelona,clay,15-30cm,27.029666585017942,138806,15,405.44499877526914
Burgos,clay,15-30cm,29.211802212871408,287319,15,438.1770331930711
Cáceres,clay,15-30cm,17.975105076148836,378535,15,269.6265761422325
Cádiz,clay,15-30cm,32.77757218130835,129812,15,491.66358271962525
Castellón,clay,15-30cm,25.220364700975107,127063,15,378.3054705146266
Ciudad Real,clay,15-30cm,28.060376118390366,377328,15,420.9056417758555
Córdoba,clay,15-30cm,29.271790287095847,257266,15,439.0768543064377
A Coruña,clay,15-30cm,17.695779650032403,154300,15,265.436694750486
Cuenca,clay,15-30cm,25.052969906280335,330667,15,375.794548594205
Girona,clay,15-30cm,25.564360407069415,114182,15,383.4654061060412
Granada,clay,15-30cm,26.701111963190186,234720,15,400.51667944785277
Guadalajara,clay,15-30cm,24.199577204189445,238886,15,362.9936580628417
Gipuzkoa,clay,15-30cm,28.685395184540663,38501,15,430.28092776810996
Huelva,clay,15-30cm,22.206554223753702,181959,15,333.09831335630554
Huesca,clay,15-30cm,28.226152132917672,313397,15,423.3922819937651
Jaén,clay,15-30cm,31.546078392611452,252932,15,473.1911758891718
León,clay,15-30cm,23.450034177004945,313076,15,351.75051265507415
Lleida,clay,15-30cm,28.45322589954157,242568,15,426.7983884931236
La Rioja,clay,15-30cm,29.042556924632482,100879,15,435.6383538694872
Lugo,clay,15-30cm,18.08783203979699,198809,15,271.31748059695485
Madrid,clay,15-30cm,24.99406844429348,141312,15,374.9110266644022
Málaga,clay,15-30cm,32.30672029021001,130664,15,484.6008043531501
Murcia,clay,15-30cm,29.023939297139833,209743,15,435.3590894570975
Navarra,clay,15-30cm,32.11276601859436,208773,15,481.69149027891535
Ourense,clay,15-30cm,18.2982762919154,144398,15,274.474144378731
Asturias,clay,15-30cm,24.495004005843818,212190,15,367.42506008765724
Palencia,clay,15-30cm,27.147013840338058,161629,15,407.2052076050709
Pontevedra,clay,15-30cm,16.79929862642813,85689,15,251.98947939642193
Salamanca,clay,15-30cm,19.36597837385647,241467,15,290.48967560784706
Cantabria,clay,15-30cm,27.255121638311522,104449,15,408.82682457467286
Segovia,clay,15-30cm,24.526292179232925,136649,15,367.89438268849386
Sevilla,clay,15-30cm,32.346675842541984,254290,15,485.2001376381298
Soria,clay,15-30cm,25.080940884421622,205445,15,376.2141132663243
Tarragona,clay,15-30cm,27.93535162806311,119160,15,419.0302744209466
Teruel,clay,15-30cm,23.36092709783138,291706,15,350.41390646747067
Toledo,clay,15-30cm,25.887500892914847,293981,15,388.3125133937227
Valencia,clay,15-30cm,26.36860735349479,199225,15,395.5291103024219
Valladolid,clay,15-30cm,26.070941314788872,159904,15,391.0641197218331
Bizkaia,clay,15-30cm,27.39054890337878,42175,15,410.8582335506817
Zamora,clay,15-30cm,21.631616887329695,208085,15,324.4742533099454
Zaragoza,clay,15-30cm,29.605428729203872,340448,15,444.0814309380581
Illes Balears,clay,15-30cm,27.630401576468756,89821,15,414.4560236470313
Álava,clay,15-30cm,32.224607347209556,60295,15,483.36911020814335
Albacete,clay,15-30cm,26.065390684170666,285192,15,390.98086026256
Alicante,clay,15-30cm,28.929818332445706,101394,15,433.94727498668556
Almería,clay,15-30cm,25.615777636351275,161843,15,384.23666454526915
Ávila,clay,15-30cm,20.462731415279606,157347,15,306.9409712291941
Badajoz,clay,15-30cm,23.218800148707306,406167,15,348.2820022306096
Las Palmas,clay,15-30cm,26.70941953479425,62381,15,400.6412930219137
Santa Cruz de Tenerife,clay,15-30cm,34.52508523647169,52501,15,517.8762785470753
Barcelona,sand,0-5cm,32.71611169545985,138806,5,163.58055847729926
Burgos,sand,0-5cm,31.161031814812105,287319,5,155.80515907406053
Cáceres,sand,0-5cm,47.97963279485384,378535,5,239.8981639742692
Cádiz,sand,0-5cm,31.896682895263922,129812,5,159.4834144763196
Castellón,sand,0-5cm,34.92438554103083,127063,5,174.62192770515415
Ciudad Real,sand,0-5cm,43.96061437264131,377328,5,219.80307186320655
Córdoba,sand,0-5cm,36.28271672121462,257266,5,181.4135836060731
A Coruña,sand,0-5cm,45.23733506156837,154300,5,226.18667530784188
Cuenca,sand,0-5cm,38.35546335134743,330667,5,191.77731675673715
Girona,sand,0-5cm,34.83391865618049,114182,5,174.16959328090243
Granada,sand,0-5cm,37.23816973415133,234720,5,186.19084867075662
Guadalajara,sand,0-5cm,34.461087296869636,238886,5,172.30543648434818
Gipuzkoa,sand,0-5cm,29.306319316381394,38501,5,146.53159658190697
Huelva,sand,0-5cm,46.197325771190215,181959,5,230.98662885595107
Huesca,sand,0-5cm,30.75192806568027,313397,5,153.75964032840136
Jaén,sand,0-5cm,30.25318069678807,252932,5,151.26590348394035
León,sand,0-5cm,41.53440091223856,313076,5,207.6720045611928
Lleida,sand,0-5cm,30.00916650176445,242568,5,150.04583250882226
La Rioja,sand,0-5cm,29.9499568790333,100879,5,149.7497843951665
Lugo,sand,0-5cm,45.91350492180938,198809,5,229.56752460904687
Madrid,sand,0-5cm,42.24559273097826,141312,5,211.2279636548913
Málaga,sand,0-5cm,32.739936784424174,130664,5,163.69968392212087
Murcia,sand,0-5cm,32.75751324239665,209743,5,163.78756621198323
Navarra,sand,0-5cm,25.089355424312533,208773,5,125.44677712156266
Ourense,sand,0-5cm,54.28253576919347,144398,5,271.4126788459674
Asturias,sand,0-5cm,37.23676092181535,212190,5,186.18380460907676
Palencia,sand,0-5cm,32.72264506988226,161629,5,163.61322534941132
Pontevedra,sand,0-5cm,55.487013502316515,85689,5,277.4350675115826
Salamanca,sand,0-5cm,51.272403682490776,241467,5,256.3620184124539
Cantabria,sand,0-5cm,34.08997884134841,104449,5,170.44989420674204
Segovia,sand,0-5cm,47.89530256350211,136649,5,239.47651281751058
Sevilla,sand,0-5cm,30.10408038066774,254290,5,150.5204019033387
Soria,sand,0-5cm,38.254111806079486,205445,5,191.27055903039744
Tarragona,sand,0-5cm,29.16317136623028,119160,5,145.8158568311514
Teruel,sand,0-5cm,34.14530211925706,291706,5,170.7265105962853
Toledo,sand,0-5cm,44.67165531105751,293981,5,223.35827655528757
Valencia,sand,0-5cm,36.73758062492157,199225,5,183.68790312460786
Valladolid,sand,0-5cm,44.38440376726036,159904,5,221.9220188363018
Bizkaia,sand,0-5cm,31.266800237107294,42175,5,156.33400118553647
Zamora,sand,0-5cm,43.64588413388759,208085,5,218.22942066943796
Zaragoza,sand,0-5cm,27.333060261772722,340448,5,136.6653013088636
Illes Balears,sand,0-5cm,36.03079235368121,89821,5,180.15396176840602
Álava,sand,0-5cm,25.433440583796333,60295,5,127.16720291898167
Albacete,sand,0-5cm,41.28592316755028,285192,5,206.42961583775138
Alicante,sand,0-5cm,33.10295974120756,101394,5,165.51479870603782
Almería,sand,0-5cm,39.44645489764772,161843,5,197.2322744882386
Ávila,sand,0-5cm,53.09695259521949,157347,5,265.48476297609744
Badajoz,sand,0-5cm,45.547522570765224,406167,5,227.73761285382614
Las Palmas,sand,0-5cm,44.68909443580578,62381,5,223.44547217902888
Santa Cruz de Tenerife,sand,0-5cm,35.14182396525781,52501,5,175.70911982628903
Barcelona,sand,5-15cm,33.105685633185885,138806,10,331.05685633185885
Burgos,sand,5-15cm,30.984176820885494,287319,10,309.84176820885494
Cáceres,sand,5-15cm,47.56395155005482,378535,10,475.63951550054816
Cádiz,sand,5-15cm,30.838271500323543,129812,10,308.38271500323543
Castellón,sand,5-15cm,34.55000196752792,127063,10,345.5000196752792
Ciudad Real,sand,5-15cm,43.930891691048636,377328,10,439.30891691048635
Córdoba,sand,5-15cm,35.74154221700497,257266,10,357.4154221700497
A Coruña,sand,5-15cm,45.67348347375243,154300,10,456.73483473752424
Cuenca,sand,5-15cm,38.13474704158564,330667,10,381.3474704158564
Girona,sand,5-15cm,35.529794538543726,114182,10,355.2979453854373
Granada,sand,5-15cm,36.90098202113156,234720,10,369.0098202113156
Guadalajara,sand,5-15cm,34.19298493842251,238886,10,341.9298493842251
Gipuzkoa,sand,5-15cm,28.812804862211372,38501,10,288.12804862211374
Huelva,sand,5-15cm,45.17077198709599,181959,10,451.70771987095986
Huesca,sand,5-15cm,30.78745425131702,313397,10,307.8745425131702
Jaén,sand,5-15cm,29.17736189964101,252932,10,291.7736189964101
León,sand,5-15cm,41.94972818101675,313076,10,419.4972818101675
Lleida,sand,5-15cm,30.029580158965736,242568,10,300.29580158965734
La Rioja,sand,5-15cm,29.961538080274387,100879,10,299.61538080274386
Lugo,sand,5-15cm,46.3489117695879,198809,10,463.48911769587903
Madrid,sand,5-15cm,42.61880165874094,141312,10,426.18801658740944
Málaga,sand,5-15cm,31.970732565970735,130664,10,319.70732565970735
Murcia,sand,5-15cm,32.19694244861569,209743,10,321.96942448615687
Navarra,sand,5-15cm,24.907891346103185,208773,10,249.07891346103185
Ourense,sand,5-15cm,54.995377359797224,144398,10,549.9537735979723
Asturias,sand,5-15cm,36.9400065978604,212190,10,369.40006597860406
Palencia,sand,5-15cm,32.61471951196877,161629,10,326.1471951196877
Pontevedra,sand,5-15cm,55.886071724492055,85689,10,558.8607172449206
Salamanca,sand,5-15cm,51.603137488766585,241467,10,516.0313748876658
Cantabria,sand,5-15cm,33.71784603011996,104449,10,337.1784603011996
Segovia,sand,5-15cm,48.637341656360455,136649,10,486.37341656360456
Sevilla,sand,5-15cm,29.258309017263752,254290,10,292.5830901726375
Soria,sand,5-15cm,38.62867044707829,205445,10,386.2867044707829
Tarragona,sand,5-15cm,29.065273581738836,119160,10,290.65273581738836
Teruel,sand,5-15cm,33.925759154765416,291706,10,339.25759154765416
Toledo,sand,5-15cm,44.87836254723945,293981,10,448.7836254723945
Valencia,sand,5-15cm,36.42717179068892,199225,10,364.2717179068892
Valladolid,sand,5-15cm,44.811416850110064,159904,10,448.1141685011006
Bizkaia,sand,5-15cm,30.713505631298165,42175,10,307.13505631298165
Zamora,sand,5-15cm,43.87785280053824,208085,10,438.77852800538244
Zaragoza,sand,5-15cm,27.535339317605036,340448,10,275.35339317605036
Illes Balears,sand,5-15cm,35.471003440175465,89821,10,354.7100344017547
Álava,sand,5-15cm,24.86870221411394,60295,10,248.6870221411394
Albacete,sand,5-15cm,41.27574335886,285192,10,412.75743358859995
Alicante,sand,5-15cm,32.36815492040949,101394,10,323.6815492040949
Almería,sand,5-15cm,39.249439271392646,161843,10,392.49439271392646
Ávila,sand,5-15cm,53.899914202368016,157347,10,538.9991420236802
Badajoz,sand,5-15cm,44.92881154795934,406167,10,449.28811547959344
Las Palmas,sand,5-15cm,43.7872717654414,62381,10,437.87271765441403
Santa Cruz de Tenerife,sand,5-15cm,33.47787089769719,52501,10,334.77870897697187
Barcelona,sand,15-30cm,32.53209371352823,138806,15,487.9814057029235
Burgos,sand,15-30cm,31.077891124499253,287319,15,466.16836686748877
Cáceres,sand,15-30cm,51.26362159377601,378535,15,768.9543239066402
Cádiz,sand,15-30cm,33.091142575416754,129812,15,496.3671386312513
Castellón,sand,15-30cm,35.693809370154966,127063,15,535.4071405523244
Ciudad Real,sand,15-30cm,42.48061023830725,377328,15,637.2091535746088
Córdoba,sand,15-30cm,35.95053291146129,257266,15,539.2579936719193
A Coruña,sand,15-30cm,45.24397537265068,154300,15,678.6596305897602
Cuenca,sand,15-30cm,38.32264181185302,330667,15,574.8396271777953
Girona,sand,15-30cm,34.78314883256555,114182,15,521.7472324884833
Granada,sand,15-30cm,36.9806705862304,234720,15,554.710058793456
Guadalajara,sand,15-30cm,34.54984218413804,238886,15,518.2476327620707
Gipuzkoa,sand,15-30cm,29.930058959507544,38501,15,448.95088439261315
Huelva,sand,15-30cm,48.813378838089896,181959,15,732.2006825713485
Huesca,sand,15-30cm,29.599266106567704,313397,15,443.98899159851555
Jaén,sand,15-30cm,30.03089644647573,252932,15,450.46344669713596
León,sand,15-30cm,40.22862627604799,313076,15,603.4293941407199
Lleida,sand,15-30cm,28.934119916889284,242568,15,434.01179875333924
La Rioja,sand,15-30cm,29.48035468234221,100879,15,442.2053202351332
Lugo,sand,15-30cm,45.6460708519232,198809,15,684.6910627788479
Madrid,sand,15-30cm,42.14085852581522,141312,15,632.1128778872283
Málaga,sand,15-30cm,33.41582149635707,130664,15,501.237322445356
Murcia,sand,15-30cm,32.3831479477265,209743,15,485.7472192158975
Navarra,sand,15-30cm,24.971925967438317,208773,15,374.57888951157474
Ourense,sand,15-30cm,52.132029529494865,144398,15,781.980442942423
Asturias,sand,15-30cm,37.29635750977897,212190,15,559.4453626466845
Palencia,sand,15-30cm,32.57462274715552,161629,15,488.61934120733287
Pontevedra,sand,15-30cm,54.114423088144335,85689,15,811.716346322165
Salamanca,sand,15-30cm,50.96801053560114,241467,15,764.5201580340171
Cantabria,sand,15-30cm,34.47619029382761,104449,15,517.1428544074141
Segovia,sand,15-30cm,46.777860796639565,136649,15,701.6679119495935
Sevilla,sand,15-30cm,31.535007275158286,254290,15,473.02510912737426
Soria,sand,15-30cm,37.86510647618584,205445,15,567.9765971427876
Tarragona,sand,15-30cm,29.21737747566298,119160,15,438.26066213494465
Teruel,sand,15-30cm,33.596611656942265,291706,15,503.94917485413396
Toledo,sand,15-30cm,43.2551817974631,293981,15,648.8277269619465
Valencia,sand,15-30cm,37.566728071276195,199225,15,563.5009210691429
Valladolid,sand,15-30cm,44.09959788373024,159904,15,661.4939682559536
Bizkaia,sand,15-30cm,32.432139893301716,42175,15,486.48209839952574
Zamora,sand,15-30cm,44.04421846841435,208085,15,660.6632770262153
Zaragoza,sand,15-30cm,26.79747597283579,340448,15,401.96213959253686
Illes Balears,sand,15-30cm,36.32765945602922,89821,15,544.9148918404383
Álava,sand,15-30cm,25.66644166182934,60295,15,384.99662492744005
Albacete,sand,15-30cm,40.41826173244691,285192,15,606.2739259867036
Alicante,sand,15-30cm,32.79033473381068,101394,15,491.8550210071602
Almería,sand,15-30cm,39.39300433135817,161843,15,590.8950649703726
Ávila,sand,15-30cm,51.71271902228832,157347,15,775.6907853343248
Badajoz,sand,15-30cm,45.75612617470154,406167,15,686.3418926205231
Las Palmas,sand,15-30cm,42.75199339542489,62381,15,641.2799009313734
Santa Cruz de Tenerife,sand,15-30cm,31.914647340050664,52501,15,478.7197101007599
Barcelona,soc,0-5cm,62.1973495382044,138806,5,310.986747691022
Burgos,soc,0-5cm,50.21696824783603,287319,5,251.08484123918015
Cáceres,soc,0-5cm,47.775630522937114,378535,5,238.87815261468558
Cádiz,soc,0-5cm,44.412043570702245,129812,5,222.06021785351123
Castellón,soc,0-5cm,48.09489387154404,127063,5,240.47446935772018
Ciudad Real,soc,0-5cm,35.21401671755078,377328,5,176.07008358775389
Córdoba,soc,0-5cm,36.055278971958984,257266,5,180.27639485979492
A Coruña,soc,0-5cm,91.47657161373947,154300,5,457.3828580686973
Cuenca,soc,0-5cm,38.803123383948204,330667,5,194.01561691974103
Girona,soc,0-5cm,75.34565605787252,114182,5,376.7282802893626
Granada,soc,0-5cm,35.861050187457394,234720,5,179.30525093728698
Guadalajara,soc,0-5cm,47.13431343820902,238886,5,235.67156719104509
Gipuzkoa,soc,0-5cm,91.78753798602634,38501,5,458.9376899301317
Huelva,soc,0-5cm,44.00370962689397,181959,5,220.01854813446985
Huesca,soc,0-5cm,63.221542963078775,313397,5,316.1077148153939
Jaén,soc,0-5cm,38.489536713424954,252932,5,192.44768356712478
León,soc,0-5cm,71.82052281235227,313076,5,359.1026140617613
Lleida,soc,0-5cm,68.61126529468025,242568,5,343.05632647340127
La Rioja,soc,0-5cm,52.82574767791116,100879,5,264.1287383895558
Lugo,soc,0-5cm,91.09873396073618,198809,5,455.4936698036809
Madrid,soc,0-5cm,40.17625750113224,141312,5,200.8812875056612
Málaga,soc,0-5cm,43.52511250229596,130664,5,217.6255625114798
Murcia,soc,0-5cm,26.69466725786919,209742,5,133.47333628934595
Navarra,soc,0-5cm,59.90128800180101,208773,5,299.506440009005
Ourense,soc,0-5cm,91.53973947007577,144398,5,457.6986973503789
Asturias,soc,0-5cm,95.15775342853104,212190,5,475.78876714265516
Palencia,soc,0-5cm,44.07081093120665,161629,5,220.35405465603327
Pontevedra,soc,0-5cm,96.95015696297074,85689,5,484.75078481485366
Salamanca,soc,0-5cm,50.99072751141978,241467,5,254.9536375570989
Cantabria,soc,0-5cm,88.19734990282339,104449,5,440.9867495141169
Segovia,soc,0-5cm,42.32681395399893,136649,5,211.63406976999465
Sevilla,soc,0-5cm,32.18522238389241,254290,5,160.92611191946204
Soria,soc,0-5cm,45.46307916960744,205445,5,227.3153958480372
Tarragona,soc,0-5cm,48.43881368591546,119159,5,242.19406842957733
Teruel,soc,0-5cm,42.75836390063969,291706,5,213.79181950319844
Toledo,soc,0-5cm,31.674233708981195,293981,5,158.37116854490597
Valencia,soc,0-5cm,41.85411017693563,199225,5,209.27055088467813
Valladolid,soc,0-5cm,35.479322593556134,159904,5,177.39661296778067
Bizkaia,soc,0-5cm,93.98004267931239,42175,5,469.900213396562
Zamora,soc,0-5cm,53.996029507172544,208085,5,269.9801475358627
Zaragoza,soc,0-5cm,37.89107646395338,340448,5,189.4553823197669
Illes Balears,soc,0-5cm,52.27402834526447,89821,5,261.37014172632234
Álava,soc,0-5cm,65.55220499212206,60295,5,327.76102496061026
Albacete,soc,0-5cm,29.867552385761172,285192,5,149.33776192880586
Alicante,soc,0-5cm,32.87950371816873,101394,5,164.39751859084365
Almería,soc,0-5cm,26.390008835723513,161843,5,131.95004417861756
Ávila,soc,0-5cm,51.724599134397224,157347,5,258.62299567198613
Badajoz,soc,0-5cm,36.88816693626021,406167,5,184.44083468130106
Las Palmas,soc,0-5cm,35.41983777111621,62381,5,177.09918885558102
Santa Cruz de Tenerife,soc,0-5cm,71.76149432955303,52465,5,358.80747164776517
Barcelona,soc,5-15cm,28.03458784202412,138806,10,280.3458784202412
Burgos,soc,5-15cm,22.327267601516084,287319,10,223.27267601516084
Cáceres,soc,5-15cm,22.02573606139459,378535,10,220.25736061394588
Cádiz,soc,5-15cm,20.51742211814008,129812,10,205.17422118140078
Castellón,soc,5-15cm,23.629547547279696,127063,10,236.29547547279697
Ciudad Real,soc,5-15cm,15.483978660475767,377328,10,154.83978660475768
Córdoba,soc,5-15cm,17.127651924467283,257266,10,171.27651924467284
A Coruña,soc,5-15cm,64.47041153596889,154300,10,644.7041153596889
Cuenca,soc,5-15cm,15.942307820254214,330667,10,159.42307820254214
Girona,soc,5-15cm,33.823776952584474,114182,10,338.2377695258447
Granada,soc,5-15cm,18.44501107702795,234720,10,184.45011077027948
Guadalajara,soc,5-15cm,18.636359602488216,238886,10,186.36359602488216
Gipuzkoa,soc,5-15cm,50.32631100490896,38501,10,503.2631100490896
Huelva,soc,5-15cm,20.374600871624928,181959,10,203.74600871624926
Huesca,soc,5-15cm,30.91066730058041,313397,10,309.1066730058041
Jaén,soc,5-15cm,18.3504364809514,252932,10,183.50436480951402
León,soc,5-15cm,37.80105980656454,313076,10,378.01059806564535
Lleida,soc,5-15cm,36.107422660862106,242568,10,361.0742266086211
La Rioja,soc,5-15cm,22.493689469562547,100879,10,224.93689469562548
Lugo,soc,5-15cm,61.000656408915084,198809,10,610.0065640891509
Madrid,soc,5-15cm,16.772422724184782,141312,10,167.7242272418478
Málaga,soc,5-15cm,20.045316996265232,130664,10,200.4531699626523
Murcia,soc,5-15cm,15.278341486206864,209742,10,152.78341486206864
Navarra,soc,5-15cm,30.38529838628558,208773,10,303.8529838628558
Ourense,soc,5-15cm,52.8688499840718,144398,10,528.688499840718
Asturias,soc,5-15cm,61.072225835336255,212190,10,610.7222583533626
Palencia,soc,5-15cm,19.4280475657215,161629,10,194.280475657215
Pontevedra,soc,5-15cm,61.9607079088331,85689,10,619.607079088331
Salamanca,soc,5-15cm,20.643205075641806,241467,10,206.43205075641805
Cantabria,soc,5-15cm,51.885176497620854,104449,10,518.8517649762085
Segovia,soc,5-15cm,15.431178420625105,136649,10,154.31178420625105
Sevilla,soc,5-15cm,15.242139683039051,254290,10,152.4213968303905
Soria,soc,5-15cm,17.64900922387987,205445,10,176.4900922387987
Tarragona,soc,5-15cm,23.436601515621984,119159,10,234.36601515621985
Teruel,soc,5-15cm,19.236614947927023,291706,10,192.36614947927023
Toledo,soc,5-15cm,12.802341988087665,293981,10,128.02341988087665
Valencia,soc,5-15cm,19.907652654034383,199225,10,199.07652654034382
Valladolid,soc,5-15cm,10.814439288573144,159904,10,108.14439288573143
Bizkaia,soc,5-15cm,49.17330409010077,42175,10,491.7330409010077
Zamora,soc,5-15cm,19.09706418050316,208085,10,190.97064180503162
Zaragoza,soc,5-15cm,16.521482575899988,340448,10,165.2148257589999
Illes Balears,soc,5-15cm,24.475293082909342,89821,10,244.75293082909343
Álava,soc,5-15cm,34.2088116759267,60295,10,342.088116759267
Albacete,soc,5-15cm,15.516143510336894,285192,10,155.16143510336894
Alicante,soc,5-15cm,17.83304534785096,101394,10,178.33045347850958
Almería,soc,5-15cm,15.276345594186958,161843,10,152.76345594186958
Ávila,soc,5-15cm,22.47991572765925,157347,10,224.7991572765925
Badajoz,soc,5-15cm,17.049344481457133,406167,10,170.49344481457132
Las Palmas,soc,5-15cm,19.053732707074268,62381,10,190.53732707074266
Santa Cruz de Tenerife,soc,5-15cm,40.499224244734584,52465,10,404.99224244734586
Barcelona,soc,15-30cm,20.55813509502471,138806,15,308.3720264253707
Burgos,soc,15-30cm,18.132369248117946,287319,15,271.9855387217692
Cáceres,soc,15-30cm,17.629901594304357,378535,15,264.4485239145654
Cádiz,soc,15-30cm,17.20049379102086,129812,15,258.00740686531293
Castellón,soc,15-30cm,18.59415722909108,127063,15,278.9123584363662
Ciudad Real,soc,15-30cm,12.012076230759444,377328,15,180.18114346139166
Córdoba,soc,15-30cm,12.637228782660747,257266,15,189.5584317399112
A Coruña,soc,15-30cm,39.56350874918989,154300,15,593.4526312378484
Cuenca,soc,15-30cm,13.442203183262919,330667,15,201.6330477489438
Girona,soc,15-30cm,25.890821670666128,114182,15,388.3623250599919
Granada,soc,15-30cm,14.8454801465576,234720,15,222.682202198364
Guadalajara,soc,15-30cm,15.633942968612644,238886,15,234.50914452918965
Gipuzkoa,soc,15-30cm,30.762276304511573,38501,15,461.43414456767357
Huelva,soc,15-30cm,16.81183673245072,181959,15,252.17755098676076
Huesca,soc,15-30cm,25.173561329559632,313397,15,377.6034199433945
Jaén,soc,15-30cm,13.306824759223824,252932,15,199.60237138835737
León,soc,15-30cm,32.32233547125937,313076,15,484.8350320688906
Lleida,soc,15-30cm,26.734229164605388,242568,15,401.0134374690808
La Rioja,soc,15-30cm,18.91452036598301,100879,15,283.71780548974516
Lugo,soc,15-30cm,39.17028655644362,198809,15,587.5542983466543
Madrid,soc,15-30cm,14.996356997282609,141312,15,224.94535495923913
Málaga,soc,15-30cm,16.251072215759503,130664,15,243.76608323639255
Murcia,soc,15-30cm,12.532446052769593,209742,15,187.9866907915439
Navarra,soc,15-30cm,22.492163737648067,208773,15,337.382456064721
Ourense,soc,15-30cm,38.25267870746132,144398,15,573.7901806119198
Asturias,soc,15-30cm,38.41442716433385,212190,15,576.2164074650078
Palencia,soc,15-30cm,19.123717897159544,161629,15,286.85576845739314
Pontevedra,soc,15-30cm,49.4333520055083,85689,15,741.5002800826245
Salamanca,soc,15-30cm,18.96281272389188,241467,15,284.4421908583782
Cantabria,soc,15-30cm,32.07907399783626,104449,15,481.1861099675439
Segovia,soc,15-30cm,15.537076744066917,136649,15,233.05615116100375
Sevilla,soc,15-30cm,13.01500412914389,254290,15,195.22506193715833
Soria,soc,15-30cm,16.674804448879264,205445,15,250.12206673318897
Tarragona,soc,15-30cm,19.08467174111901,119159,15,286.27007611678516
Teruel,soc,15-30cm,15.123612130021323,291706,15,226.85418195031986
Toledo,soc,15-30cm,12.583334297114439,293981,15,188.75001445671657
Valencia,soc,15-30cm,17.522763709373823,199225,15,262.84145564060736
Valladolid,soc,15-30cm,14.175397738643188,159904,15,212.6309660796478
Bizkaia,soc,15-30cm,29.79494250148192,42175,15,446.9241375222288
Zamora,soc,15-30cm,19.638881706994738,208085,15,294.58322560492104
Zaragoza,soc,15-30cm,15.395683041169283,340448,15,230.93524561753924
Illes Balears,soc,15-30cm,22.811065341067234,89821,15,342.16598011600854
Álava,soc,15-30cm,21.81560991790364,60295,15,327.2341487685546
Albacete,soc,15-30cm,12.104199977558977,285192,15,181.56299966338466
Alicante,soc,15-30cm,15.821664990038858,101394,15,237.32497485058286
Almería,soc,15-30cm,14.056402192248044,161843,15,210.84603288372065
Ávila,soc,15-30cm,20.279491188265425,157347,15,304.1923678239814
Badajoz,soc,15-30cm,13.205631919875321,406167,15,198.08447879812982
Las Palmas,soc,15-30cm,16.20103557172857,62381,15,243.01553357592857
Santa Cruz de Tenerife,soc,15-30cm,26.09498332221481,52465,15,391.4247498332221
Barcelona,phh2o,0-5cm,7.109098309871331,138806,5,35.545491549356655
Burgos,phh2o,0-5cm,7.094493228780554,287319,5,35.47246614390277
Cáceres,phh2o,0-5cm,6.286380651723091,378535,5,31.431903258615456
Cádiz,phh2o,0-5cm,6.9537608233445285,129812,5,34.76880411672264
Castellón,phh2o,0-5cm,7.397210832421711,127063,5,36.98605416210856
Ciudad Real,phh2o,0-5cm,7.202825923334605,377328,5,36.014129616673024
Córdoba,phh2o,0-5cm,6.975125356634767,257266,5,34.875626783173836
A Coruña,phh2o,0-5cm,5.143306545690214,154300,5,25.71653272845107
Cuenca,phh2o,0-5cm,7.405748078882985,330667,5,37.028740394414925
Girona,phh2o,0-5cm,6.719249093552399,114182,5,33.596245467761996
Granada,phh2o,0-5cm,7.279174761417859,234720,5,36.395873807089295
Guadalajara,phh2o,0-5cm,7.196901032291554,238886,5,35.98450516145777
Gipuzkoa,phh2o,0-5cm,5.375055193371601,38501,5,26.875275966858005
Huelva,phh2o,0-5cm,6.501622893069317,181959,5,32.50811446534659
Huesca,phh2o,0-5cm,7.153064005079818,313397,5,35.76532002539909
Jaén,phh2o,0-5cm,7.303299305742255,252932,5,36.51649652871127
León,phh2o,0-5cm,6.309801453960061,313076,5,31.549007269800306
Lleida,phh2o,0-5cm,7.073520827149499,242568,5,35.3676041357475
La Rioja,phh2o,0-5cm,7.05935427591471,100879,5,35.29677137957355
Lugo,phh2o,0-5cm,5.136081364525751,198809,5,25.680406822628754
Madrid,phh2o,0-5cm,7.220570086050725,141312,5,36.102850430253625
Málaga,phh2o,0-5cm,7.067041419212638,130664,5,35.335207096063186
Murcia,phh2o,0-5cm,7.695125939840662,209743,5,38.47562969920331
Navarra,phh2o,0-5cm,6.826381284936271,208773,5,34.131906424681354
Ourense,phh2o,0-5cm,5.229852214019585,144398,5,26.14926107009793
Asturias,phh2o,0-5cm,5.6031024082190495,212190,5,28.01551204109525
Palencia,phh2o,0-5cm,7.184789858255636,161629,5,35.92394929127818
Pontevedra,phh2o,0-5cm,5.077997175833538,85689,5,25.38998587916769
Salamanca,phh2o,0-5cm,6.133300202512144,241467,5,30.666501012560722
Cantabria,phh2o,0-5cm,5.839859644419764,104449,5,29.19929822209882
Segovia,phh2o,0-5cm,7.132753990149946,136649,5,35.66376995074973
Sevilla,phh2o,0-5cm,7.279743599826969,254290,5,36.398717999134846
Soria,phh2o,0-5cm,7.248187106038112,205445,5,36.24093553019056
Tarragona,phh2o,0-5cm,7.45253524672709,119160,5,37.262676233635446
Teruel,phh2o,0-5cm,7.245335714726471,291706,5,36.226678573632356
Toledo,phh2o,0-5cm,7.350084189114263,293981,5,36.750420945571314
Valencia,phh2o,0-5cm,7.484672104404568,199225,5,37.42336052202284
Valladolid,phh2o,0-5cm,7.351355188112867,159904,5,36.75677594056434
Bizkaia,phh2o,0-5cm,5.43624184943687,42175,5,27.18120924718435
Zamora,phh2o,0-5cm,6.388576783525963,208085,5,31.942883917629814
Zaragoza,phh2o,0-5cm,7.501991199830812,340448,5,37.50995599915406
Illes Balears,phh2o,0-5cm,7.164344641008228,89821,5,35.82172320504114
Álava,phh2o,0-5cm,6.622588937722862,60295,5,33.11294468861431
Albacete,phh2o,0-5cm,7.585104420881372,285192,5,37.92552210440686
Alicante,phh2o,0-5cm,7.646654634396512,101394,5,38.23327317198256
Almería,phh2o,0-5cm,7.532264602114395,161843,5,37.66132301057198
Ávila,phh2o,0-5cm,6.726691961079652,157347,5,33.63345980539826
Badajoz,phh2o,0-5cm,6.587565951936027,406167,5,32.937829759680135
Las Palmas,phh2o,0-5cm,7.623757233773103,62381,5,38.11878616886552
Santa Cruz de Tenerife,phh2o,0-5cm,6.955854174206206,52501,5,34.77927087103103
Barcelona,phh2o,5-15cm,7.20263965534631,138806,10,72.0263965534631
Burgos,phh2o,5-15cm,7.301113396607951,287319,10,73.01113396607951
Cáceres,phh2o,5-15cm,6.330029455664602,378535,10,63.300294556646016
Cádiz,phh2o,5-15cm,7.0071565032508545,129812,10,70.07156503250854
Castellón,phh2o,5-15cm,7.510137490850996,127063,10,75.10137490850995
Ciudad Real,phh2o,5-15cm,7.410399440274775,377328,10,74.10399440274774
Córdoba,phh2o,5-15cm,7.054931083003583,257266,10,70.54931083003584
A Coruña,phh2o,5-15cm,5.169002592352561,154300,10,51.69002592352561
Cuenca,phh2o,5-15cm,7.619632137467603,330667,10,76.19632137467603
Girona,phh2o,5-15cm,6.794864339387995,114182,10,67.94864339387995
Granada,phh2o,5-15cm,7.471714383094751,234720,10,74.7171438309475
Guadalajara,phh2o,5-15cm,7.372677344005091,238886,10,73.7267734400509
Gipuzkoa,phh2o,5-15cm,5.477940832705643,38501,10,54.77940832705643
Huelva,phh2o,5-15cm,6.542513972927968,181959,10,65.42513972927968
Huesca,phh2o,5-15cm,7.295785537194038,313397,10,72.95785537194038
Jaén,phh2o,5-15cm,7.513152151566429,252932,10,75.13152151566429
León,phh2o,5-15cm,6.365078766817003,313076,10,63.65078766817003
Lleida,phh2o,5-15cm,7.202671415850401,242568,10,72.026714158504
La Rioja,phh2o,5-15cm,7.2491658323337855,100879,10,72.49165832333786
Lugo,phh2o,5-15cm,5.172668239365421,198809,10,51.72668239365421
Madrid,phh2o,5-15cm,7.379737743432971,141312,10,73.7973774343297
Málaga,phh2o,5-15cm,7.147956590950836,130664,10,71.47956590950835
Murcia,phh2o,5-15cm,7.896116199348727,209743,10,78.96116199348727
Navarra,phh2o,5-15cm,6.99460658226878,208773,10,69.9460658226878
Ourense,phh2o,5-15cm,5.257826285682627,144398,10,52.57826285682627
Asturias,phh2o,5-15cm,5.659414204250907,212190,10,56.59414204250907
Palencia,phh2o,5-15cm,7.389318129791064,161629,10,73.89318129791064
Pontevedra,phh2o,5-15cm,5.135086183757542,85689,10,51.35086183757542
Salamanca,phh2o,5-15cm,6.146420421838181,241467,10,61.46420421838181
Cantabria,phh2o,5-15cm,5.90892588727513,104449,10,59.0892588727513
Segovia,phh2o,5-15cm,7.258938594501241,136649,10,72.58938594501241
Sevilla,phh2o,5-15cm,7.383347752565967,254290,10,73.83347752565967
Soria,phh2o,5-15cm,7.4652164812966975,205445,10,74.65216481296697
Tarragona,phh2o,5-15cm,7.567015777106411,119160,10,75.67015777106411
Teruel,phh2o,5-15cm,7.4467858048857405,291706,10,74.46785804885741
Toledo,phh2o,5-15cm,7.55735030495168,293981,10,75.5735030495168
Valencia,phh2o,5-15cm,7.637673986698457,199225,10,76.37673986698456
Valladolid,phh2o,5-15cm,7.579652791675005,159904,10,75.79652791675005
Bizkaia,phh2o,5-15cm,5.552742145820984,42175,10,55.527421458209844
Zamora,phh2o,5-15cm,6.450107888603215,208085,10,64.50107888603215
Zaragoza,phh2o,5-15cm,7.749298571294294,340448,10,77.49298571294294
Illes Balears,phh2o,5-15cm,7.2603244230191155,89821,10,72.60324423019115
Álava,phh2o,5-15cm,6.753039223816236,60295,10,67.53039223816236
Albacete,phh2o,5-15cm,7.831658672052512,285192,10,78.31658672052512
Alicante,phh2o,5-15cm,7.833510858630689,101394,10,78.33510858630689
Almería,phh2o,5-15cm,7.705375580037443,161843,10,77.05375580037443
Ávila,phh2o,5-15cm,6.766319027372623,157347,10,67.66319027372623
Badajoz,phh2o,5-15cm,6.639755568522307,406167,10,66.39755568522307
Las Palmas,phh2o,5-15cm,7.672900402366105,62381,10,76.72900402366105
Santa Cruz de Tenerife,phh2o,5-15cm,7.0377459476962345,52501,10,70.37745947696234
Barcelona,phh2o,15-30cm,7.199420774318114,138806,15,107.9913116147717
Burgos,phh2o,15-30cm,7.278313303331837,287319,15,109.17469954997755
Cáceres,phh2o,15-30cm,6.1832541244534855,378535,15,92.74881186680228
Cádiz,phh2o,15-30cm,6.929166795057467,129812,15,103.93750192586201
Castellón,phh2o,15-30cm,7.484781565050407,127063,15,112.2717234757561
Ciudad Real,phh2o,15-30cm,7.387052378832211,377328,15,110.80578568248316
Córdoba,phh2o,15-30cm,6.949982119673801,257266,15,104.24973179510701
A Coruña,phh2o,15-30cm,5.21452041477641,154300,15,78.21780622164614
Cuenca,phh2o,15-30cm,7.601506046868904,330667,15,114.02259070303356
Girona,phh2o,15-30cm,6.79997197456692,114182,15,101.9995796185038
Granada,phh2o,15-30cm,7.452141274710293,234720,15,111.78211912065439
Guadalajara,phh2o,15-30cm,7.363383371147743,238886,15,110.45075056721615
Gipuzkoa,phh2o,15-30cm,5.495493623542246,38501,15,82.43240435313369
Huelva,phh2o,15-30cm,6.3780675866541365,181959,15,95.67101379981204
Huesca,phh2o,15-30cm,7.286450731819386,313397,15,109.29676097729079
Jaén,phh2o,15-30cm,7.486053168440529,252932,15,112.29079752660793
León,phh2o,15-30cm,6.382507442282385,313076,15,95.73761163423578
Lleida,phh2o,15-30cm,7.198956993502852,242568,15,107.98435490254279
La Rioja,phh2o,15-30cm,7.2180582678258105,100879,15,108.27087401738716
Lugo,phh2o,15-30cm,5.218762732069473,198809,15,78.2814409810421
Madrid,phh2o,15-30cm,7.378645125679348,141312,15,110.67967688519022
Málaga,phh2o,15-30cm,7.081800648992837,130664,15,106.22700973489255
Murcia,phh2o,15-30cm,7.894613884611166,209743,15,118.4192082691675
Navarra,phh2o,15-30cm,6.971120786691766,208773,15,104.56681180037648
Ourense,phh2o,15-30cm,5.317552182163188,144398,15,79.76328273244782
Asturias,phh2o,15-30cm,5.68282152787596,212190,15,85.24232291813941
Palencia,phh2o,15-30cm,7.374528085925175,161629,15,110.61792128887762
Pontevedra,phh2o,15-30cm,5.187332096301742,85689,15,77.80998144452613
Salamanca,phh2o,15-30cm,6.10901945193339,241467,15,91.63529177900085
Cantabria,phh2o,15-30cm,5.91647119646909,104449,15,88.74706794703636
Segovia,phh2o,15-30cm,7.284796815198062,136649,15,109.27195222797093
Sevilla,phh2o,15-30cm,7.227759251248574,254290,15,108.41638876872861
Soria,phh2o,15-30cm,7.4450130205164395,205445,15,111.67519530774659
Tarragona,phh2o,15-30cm,7.554545149378987,119160,15,113.3181772406848
Teruel,phh2o,15-30cm,7.444519139133237,291706,15,111.66778708699856
Toledo,phh2o,15-30cm,7.554733469169776,293981,15,113.32100203754663
Valencia,phh2o,15-30cm,7.616390011293764,199225,15,114.24585016940647
Valladolid,phh2o,15-30cm,7.571771187712628,159904,15,113.57656781568942
Bizkaia,phh2o,15-30cm,5.554136336692354,42175,15,83.31204505038531
Zamora,phh2o,15-30cm,6.4293798207463295,208085,15,96.44069731119494
Zaragoza,phh2o,15-30cm,7.731591314973211,340448,15,115.97386972459816
Illes Balears,phh2o,15-30cm,7.256600349584173,89821,15,108.84900524376259
Álava,phh2o,15-30cm,6.7353329463471265,60295,15,101.0299941952069
Albacete,phh2o,15-30cm,7.8046253050576455,285192,15,117.06937957586469
Alicante,phh2o,15-30cm,7.835439966861945,101394,15,117.53159950292918
Almería,phh2o,15-30cm,7.699451937989286,161843,15,115.4917790698393
Ávila,phh2o,15-30cm,6.785756957552417,157347,15,101.78635436328625
Badajoz,phh2o,15-30cm,6.458113288376455,406167,15,96.87169932564683
Las Palmas,phh2o,15-30cm,7.6971032846539815,62381,15,115.45654926980973
Santa Cruz de Tenerife,phh2o,15-30cm,7.059177920420564,52501,15,105.88766880630845
Barcelona,bdod,0-5cm,1.231257006181289,138806,5,6.156285030906446
Burgos,bdod,0-5cm,1.2273653326093994,287319,5,6.136826663046997
Cáceres,bdod,0-5cm,1.3308898516649716,378535,5,6.654449258324858
Cádiz,bdod,0-5cm,1.3459456752842573,129812,5,6.729728376421287
Castellón,bdod,0-5cm,1.2842877942438002,127063,5,6.421438971219001
Ciudad Real,bdod,0-5cm,1.3464235360217105,377328,5,6.732117680108552
Córdoba,bdod,0-5cm,1.3574468837701057,257266,5,6.787234418850528
A Coruña,bdod,0-5cm,1.1160820479585223,154300,5,5.580410239792611
Cuenca,bdod,0-5cm,1.3129654909622068,330667,5,6.564827454811034
Girona,bdod,0-5cm,1.1744340614107303,114182,5,5.8721703070536515
Granada,bdod,0-5cm,1.3064375852079073,234720,5,6.532187926039537
Guadalajara,bdod,0-5cm,1.272509481510009,238886,5,6.362547407550045
Gipuzkoa,bdod,0-5cm,1.0402184358847821,38501,5,5.2010921794239104
Huelva,bdod,0-5cm,1.3771988744717216,181959,5,6.885994372358608
Huesca,bdod,0-5cm,1.2197626333372689,313397,5,6.0988131666863445
Jaén,bdod,0-5cm,1.317615208830832,252932,5,6.5880760441541595
León,bdod,0-5cm,1.156037831069772,313076,5,5.780189155348861
Lleida,bdod,0-5cm,1.2181665759704494,242568,5,6.090832879852247
La Rioja,bdod,0-5cm,1.2163407646784763,100879,5,6.081703823392381
Lugo,bdod,0-5cm,1.0774910592578808,198809,5,5.387455296289404
Madrid,bdod,0-5cm,1.2956860705389495,141312,5,6.4784303526947475
Málaga,bdod,0-5cm,1.3212016316659523,130664,5,6.606008158329761
Murcia,bdod,0-5cm,1.3769051024592118,209742,5,6.884525512296059
Navarra,bdod,0-5cm,1.1788036767206487,208773,5,5.894018383603243
Ourense,bdod,0-5cm,1.115400767323647,144398,5,5.5770038366182355
Asturias,bdod,0-5cm,1.0517880201706018,212190,5,5.258940100853009
Palencia,bdod,0-5cm,1.2459101398882626,161629,5,6.2295506994413135
Pontevedra,bdod,0-5cm,1.1029546382849607,85689,5,5.514773191424803
Salamanca,bdod,0-5cm,1.2823553943188923,241467,5,6.4117769715944615
Cantabria,bdod,0-5cm,1.0842438893622726,104449,5,5.421219446811363
Segovia,bdod,0-5cm,1.2751817430058032,136649,5,6.375908715029016
Sevilla,bdod,0-5cm,1.399677926776515,254290,5,6.998389633882574
Soria,bdod,0-5cm,1.2619467497383727,205445,5,6.309733748691864
Tarragona,bdod,0-5cm,1.285147492006479,119159,5,6.425737460032394
Teruel,bdod,0-5cm,1.312006712237664,291706,5,6.56003356118832
Toledo,bdod,0-5cm,1.3445708736278874,293981,5,6.722854368139437
Valencia,bdod,0-5cm,1.3184249968628436,199225,5,6.592124984314218
Valladolid,bdod,0-5cm,1.279656919151491,159904,5,6.398284595757455
Bizkaia,bdod,0-5cm,1.0592860699466509,42175,5,5.296430349733255
Zamora,bdod,0-5cm,1.223690270802797,208085,5,6.118451354013985
Zaragoza,bdod,0-5cm,1.310944784519222,340448,5,6.55472392259611
Illes Balears,bdod,0-5cm,1.2741352245020652,89821,5,6.370676122510326
Álava,bdod,0-5cm,1.156215938303342,60295,5,5.78107969151671
Albacete,bdod,0-5cm,1.354141911414065,285192,5,6.770709557070324
Alicante,bdod,0-5cm,1.3581637966743594,101394,5,6.790818983371797
Almería,bdod,0-5cm,1.3496614620341936,161843,5,6.748307310170968
Ávila,bdod,0-5cm,1.2610338296885228,157347,5,6.305169148442614
Badajoz,bdod,0-5cm,1.3680132063904749,406167,5,6.840066031952374
Las Palmas,bdod,0-5cm,1.3423109600679695,62381,5,6.711554800339847
Santa Cruz de Tenerife,bdod,0-5cm,1.211377108548556,52465,5,6.05688554274278
Barcelona,bdod,5-15cm,1.3154802386064004,138806,10,13.154802386064004
Burgos,bdod,5-15cm,1.3420031393677412,287319,10,13.420031393677412
Cáceres,bdod,5-15cm,1.4032223968721518,378535,10,14.032223968721517
Cádiz,bdod,5-15cm,1.3919160016023173,129812,10,13.919160016023174
Castellón,bdod,5-15cm,1.354875848988297,127063,10,13.548758489882971
Ciudad Real,bdod,5-15cm,1.4337749120128906,377328,10,14.337749120128906
Córdoba,bdod,5-15cm,1.4349555324061478,257266,10,14.349555324061479
A Coruña,bdod,5-15cm,1.186399546338302,154300,10,11.86399546338302
Cuenca,bdod,5-15cm,1.4001595562907698,330667,10,14.0015955629077
Girona,bdod,5-15cm,1.262718817326724,114182,10,12.62718817326724
Granada,bdod,5-15cm,1.3856535020449896,234720,10,13.856535020449897
Guadalajara,bdod,5-15cm,1.3664435337357568,238886,10,13.664435337357567
Gipuzkoa,bdod,5-15cm,1.1329521311134776,38501,10,11.329521311134776
Huelva,bdod,5-15cm,1.438682835144181,181959,10,14.38682835144181
Huesca,bdod,5-15cm,1.3047682013548312,313397,10,13.047682013548311
Jaén,bdod,5-15cm,1.4036954991855517,252932,10,14.036954991855517
León,bdod,5-15cm,1.2590224737763354,313076,10,12.590224737763354
Lleida,bdod,5-15cm,1.2965474423666765,242568,10,12.965474423666766
La Rioja,bdod,5-15cm,1.3218690708670784,100879,10,13.218690708670785
Lugo,bdod,5-15cm,1.1469564255139355,198809,10,11.469564255139355
Madrid,bdod,5-15cm,1.377382175611413,141312,10,13.773821756114131
Málaga,bdod,5-15cm,1.3792144737647707,130664,10,13.792144737647707
Murcia,bdod,5-15cm,1.4409995136882454,209742,10,14.409995136882454
Navarra,bdod,5-15cm,1.2907502406920435,208773,10,12.907502406920434
Ourense,bdod,5-15cm,1.1811582570395711,144398,10,11.81158257039571
Asturias,bdod,5-15cm,1.135154908336868,212190,10,11.35154908336868
Palencia,bdod,5-15cm,1.3600447939416813,161629,10,13.600447939416814
Pontevedra,bdod,5-15cm,1.1580059284155493,85689,10,11.580059284155492
Salamanca,bdod,5-15cm,1.3792917458700362,241467,10,13.792917458700362
Cantabria,bdod,5-15cm,1.177079435896945,104449,10,11.77079435896945
Segovia,bdod,5-15cm,1.370737875871759,136649,10,13.70737875871759
Sevilla,bdod,5-15cm,1.4711083015454796,254290,10,14.711083015454795
Soria,bdod,5-15cm,1.3639364306748767,205445,10,13.639364306748767
Tarragona,bdod,5-15cm,1.3648221284166533,119159,10,13.648221284166533
Teruel,bdod,5-15cm,1.397683078167744,291706,10,13.97683078167744
Toledo,bdod,5-15cm,1.4275426983376476,293981,10,14.275426983376477
Valencia,bdod,5-15cm,1.3964402057974652,199225,10,13.964402057974652
Valladolid,bdod,5-15cm,1.3679038673203923,159904,10,13.679038673203923
Bizkaia,bdod,5-15cm,1.1465346769413158,42175,10,11.46534676941316
Zamora,bdod,5-15cm,1.3283809981497945,208085,10,13.283809981497946
Zaragoza,bdod,5-15cm,1.398327674123508,340448,10,13.98327674123508
Illes Balears,bdod,5-15cm,1.3793551619331783,89821,10,13.793551619331783
Álava,bdod,5-15cm,1.2705129778588606,60295,10,12.705129778588606
Albacete,bdod,5-15cm,1.4296537420404498,285192,10,14.296537420404498
Alicante,bdod,5-15cm,1.418661853758605,101394,10,14.186618537586051
Almería,bdod,5-15cm,1.4165669197926385,161843,10,14.165669197926384
Ávila,bdod,5-15cm,1.3376243589010277,157347,10,13.376243589010278
Badajoz,bdod,5-15cm,1.4369668633837804,406167,10,14.369668633837804
Las Palmas,bdod,5-15cm,1.361616197239544,62381,10,13.616161972395439
Santa Cruz de Tenerife,bdod,5-15cm,1.2504837510721432,52465,10,12.504837510721432
Barcelona,bdod,15-30cm,1.3743789893808624,138806,15,20.615684840712937
Burgos,bdod,15-30cm,1.3812380664000639,287319,15,20.718570996000956
Cáceres,bdod,15-30cm,1.4393427027883814,378535,15,21.590140541825722
Cádiz,bdod,15-30cm,1.4463135149292825,129812,15,21.694702723939237
Castellón,bdod,15-30cm,1.4073182594461016,127063,15,21.109773891691525
Ciudad Real,bdod,15-30cm,1.4629375503540687,377328,15,21.94406325531103
Córdoba,bdod,15-30cm,1.475008862422551,257266,15,22.125132936338264
A Coruña,bdod,15-30cm,1.234356513285807,154300,15,18.515347699287105
Cuenca,bdod,15-30cm,1.4364938745021427,330667,15,21.54740811753214
Girona,bdod,15-30cm,1.3269842006621007,114182,15,19.90476300993151
Granada,bdod,15-30cm,1.4430823108384458,234720,15,21.64623466257669
Guadalajara,bdod,15-30cm,1.4073736007970328,238886,15,21.11060401195549
Gipuzkoa,bdod,15-30cm,1.1921544894937794,38501,15,17.88231734240669
Huelva,bdod,15-30cm,1.4822768315939305,181959,15,22.234152473908956
Huesca,bdod,15-30cm,1.3564452116644383,313397,15,20.346678174966573
Jaén,bdod,15-30cm,1.4526532427688073,252932,15,21.78979864153211
León,bdod,15-30cm,1.3028059640470684,313076,15,19.542089460706027
Lleida,bdod,15-30cm,1.3461578196629398,242568,15,20.1923672949441
La Rioja,bdod,15-30cm,1.373241705409451,100879,15,20.598625581141764
Lugo,bdod,15-30cm,1.195087797836114,198809,15,17.926316967541712
Madrid,bdod,15-30cm,1.4113086645153985,141312,15,21.169629967730977
Málaga,bdod,15-30cm,1.4390266638094655,130664,15,21.585399957141984
Murcia,bdod,15-30cm,1.4802007227927643,209742,15,22.203010841891462
Navarra,bdod,15-30cm,1.3443690036546871,208773,15,20.165535054820307
Ourense,bdod,15-30cm,1.2316052853917645,144398,15,18.474079280876467
Asturias,bdod,15-30cm,1.1859126254771666,212190,15,17.7886893821575
Palencia,bdod,15-30cm,1.3902541623099816,161629,15,20.853812434649722
Pontevedra,bdod,15-30cm,1.2006403388999756,85689,15,18.009605083499633
Salamanca,bdod,15-30cm,1.4121606679173553,241467,15,21.18241001876033
Cantabria,bdod,15-30cm,1.2298906643433638,104449,15,18.448359965150456
Segovia,bdod,15-30cm,1.401598182204041,136649,15,21.023972733060617
Sevilla,bdod,15-30cm,1.5130762515238507,254290,15,22.69614377285776
Soria,bdod,15-30cm,1.3989372338095354,205445,15,20.984058507143033
Tarragona,bdod,15-30cm,1.4176151192943882,119159,15,21.264226789415822
Teruel,bdod,15-30cm,1.4390043399861505,291706,15,21.585065099792256
Toledo,bdod,15-30cm,1.4467105697306968,293981,15,21.70065854596045
Valencia,bdod,15-30cm,1.437765491278705,199225,15,21.566482369180576
Valladolid,bdod,15-30cm,1.3987883980388234,159904,15,20.98182597058235
Bizkaia,bdod,15-30cm,1.206563841138115,42175,15,18.098457617071723
Zamora,bdod,15-30cm,1.3662321166830862,208085,15,20.493481750246293
Zaragoza,bdod,15-30cm,1.4318628689256507,340448,15,21.47794303388476
Illes Balears,bdod,15-30cm,1.4150523819596754,89821,15,21.22578572939513
Álava,bdod,15-30cm,1.3218291732316112,60295,15,19.82743759847417
Albacete,bdod,15-30cm,1.4570386967376365,285192,15,21.855580451064547
Alicante,bdod,15-30cm,1.4582572933309663,101394,15,21.873859399964495
Almería,bdod,15-30cm,1.4659463183455572,161843,15,21.989194775183357
Ávila,bdod,15-30cm,1.3823753868837665,157347,15,20.735630803256498
Badajoz,bdod,15-30cm,1.4701133523895342,406167,15,22.051700285843012
Las Palmas,bdod,15-30cm,1.3853145989964892,62381,15,20.779718984947337
Santa Cruz de Tenerife,bdod,15-30cm,1.279381873630039,52465,15,19.190728104450585
