provincia_estandar,clay_pct_0_30cm,sand_pct_0_30cm,soc_g_kg_0_30cm,ph_0_30cm,bdod_g_cm3_0_30cm
A Coruña,16.8174956794124,45.386038021170876,56.51798682220782,5.187478829120761,1.198658446748758
Albacete,24.808089988498978,40.84869918043516,16.202073223185316,7.77704961335989,1.4307609142846458
Alicante,28.14081783274487,32.7017122972431,19.335098230664535,7.803332708707288,1.4283765640307449
Almería,24.65662421812085,39.35405773908459,16.518651100140257,7.673561929359524,1.4301057094426903
Asturias,23.477266522142102,37.16764110781218,55.42424776536752,5.661732566724791,1.146639285545973
Badajoz,21.418389931563453,45.44558736513142,18.433958609800072,6.540236159018335,1.4420478317211063
Barcelona,26.204354638848468,32.753960683736054,29.990155084554463,7.185439990586382,1.3308924085894462
Bizkaia,27.168876901798065,31.665038529934797,46.951913060659955,5.5340225251926505,1.1620078245406047
Burgos,28.704485606590584,31.060509805013474,24.87810186587034,7.255276655331994,1.342514301757512
Cantabria,26.518497065553525,34.15904029717853,48.03415414859565,5.901187501396216,1.1880124590310424
Castellón,25.020657600298016,35.18430293109192,25.18941010889611,7.478638418212487,1.3693323784264497
Ciudad Real,25.540821734229457,43.21070474494339,17.036367121796776,7.364130323396798,1.433797668518283
Cuenca,24.3775694278534,38.26548047834629,18.5023914290409,7.574921749070817,1.4037943711750291
Cáceres,17.110187741336116,49.48306677938192,24.119467904773227,6.249366989402125,1.4092271256290698
Cádiz,32.30254239464251,32.14110893702688,22.84139486334083,6.959262369169773,1.41145303721279
Córdoba,27.977760955586824,35.93623331493473,18.0370448614793,6.989155646943889,1.4420640893083423
Gipuzkoa,27.988924097209598,29.453684319887792,47.454498151563165,5.4695696215682705,1.1470976944321791
Girona,24.476401855517217,35.04049237182743,36.777612495839975,6.784815616004859,1.2801373830084133
Granada,25.371427303453757,36.997024255850945,19.547918796864348,7.429837891956373,1.4011652536355375
Guadalajara,23.643790901657418,34.41609728768813,21.88481025817056,7.33873430562416,1.3712528918954368
Huelva,21.64026163403111,47.16316770994197,22.531403594582663,6.4534755998146105,1.4502325065903123
Huesca,26.58874404243393,30.187439148002902,33.42726025881975,7.267331212487676,1.316439111840041
Illes Balears,27.33129873118016,35.992629600353304,28.276301755714144,7.242465755966496,1.379667115707908
Jaén,30.688116173516992,29.783432305916214,19.185147325499873,7.46462718569945,1.4138276559180596
La Rioja,28.124420675594855,29.719016181101452,25.75944795249755,7.2019767906766194,1.3299673371068308
Las Palmas,25.810032702265115,43.41993635882721,20.35506831674174,7.67681131541121,1.3702478585894207
León,21.710939569518796,41.01995601706934,40.73160813987658,6.364580219073536,1.2637501117939414
Lleida,26.80088779228917,29.478447761727296,36.8381330183701,7.17928910655981,1.3082891532821037
Lugo,16.86948151240638,45.92492350279246,55.1018177413162,5.189617673244169,1.159444550632349
Madrid,23.93837642946105,42.31762860431763,19.785028990224937,7.3526634916591185,1.3807294025513286
Murcia,28.142123535310677,32.383473663801254,15.80811473143195,7.861866665395269,1.4499177163689994
Málaga,31.405611721667793,32.82147773423947,22.06149385701749,7.10139275801547,1.3994517617706483
Navarra,31.323357905476282,24.970152669805643,31.35806266455273,6.954826134924855,1.298901861511466
Ourense,16.249732452434706,53.44489651287875,52.00591259343389,5.283026888645734,1.195422189596347
Palencia,26.83553580524947,32.61265872254773,23.38300995902138,7.347835062602215,1.3561270357835948
Pontevedra,15.477679748859247,54.93373770262227,61.528604799526974,5.151694305375641,1.1701479186359975
Salamanca,18.109806377959167,51.23045171113789,24.860929305729837,6.12553323366478,1.3795701483018383
Santa Cruz de Tenerife,32.70205678621995,32.97358463013403,38.50748213094444,7.034813305143394,1.25841503859716
Segovia,22.95033943412197,47.58392804435696,19.96673350457498,7.250836937457768,1.3702420068935741
Sevilla,31.771314706306452,30.53762004011168,16.95241902290036,7.288286143117437,1.480187214073171
Soria,24.14897133863889,38.1844620214656,21.797585160667495,7.418943188363471,1.364438552086122
Tarragona,27.039674946850173,29.157641826116148,25.42767199008608,7.541700374846145,1.3779395177871583
Teruel,22.474439504158294,33.79777589993578,21.10040503109295,7.412077456982944,1.4040643147552672
Toledo,24.033824238074338,44.03232096632096,15.83815342941664,7.521497534421158,1.4232979965825454
Valencia,26.0008257832434,37.048684736687996,22.372951102187645,7.601531685280463,1.4041003137156483
Valladolid,25.05730563338003,44.38433851977854,16.605732397771998,7.537662389100126,1.368638307984791
Zamora,20.944712657487724,43.92237419003452,25.184467164860514,6.42948867049523,1.3298581028586076
Zaragoza,28.48526921389855,27.13269446924836,19.52018178987687,7.699227047889838,1.4005314565905318
Álava,31.5827763496144,25.36169499958537,33.23610968294773,6.722444370732785,1.2771215689526494
Ávila,18.84587684120659,52.67248967780342,26.253817359085335,6.769433481413691,1.3472347846903128
