ano,cultivo,provincia_estandar,rendimiento_kg_ha
2017,barley,A Coruña,2100.0
2017,barley,Albacete,1764.0
2017,barley,Alicante,1049.0
2017,barley,Almería,1481.0
2017,barley,Badajoz,2088.0
2017,barley,Barcelona,3299.0
2017,barley,Burgos,1608.0
2017,barley,Cantabria,1300.0
2017,barley,Castellón,1200.0
2017,barley,Ciudad Real,2015.0
2017,barley,Cuenca,2640.0
2017,barley,Cáceres,1854.0
2017,barley,Cádiz,3020.0
2017,barley,Córdoba,1504.0
2017,barley,Girona,2587.0
2017,barley,Granada,1306.0
2017,barley,Guadalajara,1700.0
2017,barley,Huelva,3877.0
2017,barley,Huesca,3461.0
2017,barley,Illes Balears,1482.0
2017,barley,Jaén,2125.0
2017,barley,La Rioja,3313.0
2017,barley,Las Palmas,1492.0
2017,barley,León,642.0
2017,barley,Lleida,3255.0
2017,barley,Lugo,1760.0
2017,barley,Madrid,1258.0
2017,barley,Murcia,1030.0
2017,barley,Málaga,2520.0
2017,barley,Navarra,3991.0
2017,barley,Ourense,1760.0
2017,barley,Palencia,751.0
2017,barley,Salamanca,1254.0
2017,barley,Santa Cruz de Tenerife,1000.0
2017,barley,Segovia,1200.0
2017,barley,Sevilla,2232.0
2017,barley,Soria,1416.0
2017,barley,Tarragona,2206.0
2017,barley,Teruel,1345.0
2017,barley,Toledo,1312.0
2017,barley,Valencia,1815.0
2017,barley,Valladolid,611.0
2017,barley,Zamora,894.0
2017,barley,Zaragoza,1699.0
2017,barley,Álava,4800.0
2017,barley,Ávila,475.0
2018,barley,A Coruña,2080.0
2018,barley,Albacete,2300.0
2018,barley,Alicante,800.0
2018,barley,Almería,1730.0
2018,barley,Badajoz,4168.0
2018,barley,Barcelona,4678.0
2018,barley,Burgos,4324.0
2018,barley,Cantabria,1504.0
2018,barley,Castellón,1109.0
2018,barley,Ciudad Real,2160.0
2018,barley,Cuenca,2967.0
2018,barley,Cáceres,3125.0
2018,barley,Cádiz,5510.0
2018,barley,Córdoba,4340.0
2018,barley,Girona,3339.0
2018,barley,Granada,1907.0
2018,barley,Guadalajara,2900.0
2018,barley,Huelva,3766.0
2018,barley,Huesca,3463.0
2018,barley,Illes Balears,1663.0
2018,barley,Jaén,3460.0
2018,barley,La Rioja,4896.0
2018,barley,Las Palmas,1486.0
2018,barley,León,3567.0
2018,barley,Lleida,4057.0
2018,barley,Lugo,2150.0
2018,barley,Madrid,3150.0
2018,barley,Murcia,1176.0
2018,barley,Málaga,3947.0
2018,barley,Navarra,3849.0
2018,barley,Ourense,2150.0
2018,barley,Palencia,4357.0
2018,barley,Salamanca,3878.0
2018,barley,Santa Cruz de Tenerife,1050.0
2018,barley,Segovia,3100.0
2018,barley,Sevilla,3795.0
2018,barley,Soria,3445.0
2018,barley,Tarragona,3330.0
2018,barley,Teruel,2346.0
2018,barley,Toledo,3199.0
2018,barley,Valencia,2600.0
2018,barley,Valladolid,3892.0
2018,barley,Zamora,3866.0
2018,barley,Zaragoza,2336.0
2018,barley,Álava,4400.0
2018,barley,Ávila,2846.0
2019,barley,A Coruña,2100.0
2019,barley,Albacete,2400.0
2019,barley,Alicante,950.0
2019,barley,Almería,1772.0
2019,barley,Badajoz,1924.0
2019,barley,Barcelona,3653.0
2019,barley,Burgos,3942.0
2019,barley,Cantabria,1687.0
2019,barley,Castellón,1387.0
2019,barley,Ciudad Real,1833.0
2019,barley,Cuenca,2300.0
2019,barley,Cáceres,1333.0
2019,barley,Cádiz,1247.0
2019,barley,Córdoba,1765.0
2019,barley,Girona,4108.0
2019,barley,Granada,1504.0
2019,barley,Guadalajara,2800.0
2019,barley,Huelva,2378.0
2019,barley,Huesca,2990.0
2019,barley,Illes Balears,1365.0
2019,barley,Jaén,2395.0
2019,barley,La Rioja,4591.0
2019,barley,Las Palmas,1339.0
2019,barley,León,1795.0
2019,barley,Lleida,2425.0
2019,barley,Lugo,2350.0
2019,barley,Madrid,1784.0
2019,barley,Murcia,1294.0
2019,barley,Málaga,2840.0
2019,barley,Navarra,3894.0
2019,barley,Ourense,2250.0
2019,barley,Palencia,2807.0
2019,barley,Pontevedra,1950.0
2019,barley,Salamanca,1599.0
2019,barley,Santa Cruz de Tenerife,945.0
2019,barley,Segovia,2308.0
2019,barley,Sevilla,3051.0
2019,barley,Soria,3174.0
2019,barley,Tarragona,2247.0
2019,barley,Teruel,2017.0
2019,barley,Toledo,1259.0
2019,barley,Valencia,1450.0
2019,barley,Valladolid,2246.0
2019,barley,Zamora,2342.0
2019,barley,Zaragoza,2047.0
2019,barley,Álava,7000.0
2019,barley,Ávila,1240.0
2020,barley,A Coruña,2060.0
2020,barley,Albacete,2950.0
2020,barley,Alicante,2250.0
2020,barley,Almería,3314.0
2020,barley,Badajoz,2942.0
2020,barley,Barcelona,4019.0
2020,barley,Burgos,5274.0
2020,barley,Cantabria,2256.0
2020,barley,Castellón,1980.0
2020,barley,Ciudad Real,3172.0
2020,barley,Cuenca,3500.0
2020,barley,Cáceres,2479.0
2020,barley,Cádiz,2309.0
2020,barley,Córdoba,3385.0
2020,barley,Girona,2333.0
2020,barley,Granada,2141.0
2020,barley,Guadalajara,3500.0
2020,barley,Huelva,2818.0
2020,barley,Huesca,3710.0
2020,barley,Illes Balears,1332.0
2020,barley,Jaén,2750.0
2020,barley,La Rioja,5167.0
2020,barley,Las Palmas,1007.0
2020,barley,León,3960.0
2020,barley,Lleida,4546.0
2020,barley,Lugo,2150.0
2020,barley,Madrid,2570.0
2020,barley,Murcia,3190.0
2020,barley,Málaga,2838.0
2020,barley,Navarra,4147.0
2020,barley,Ourense,2150.0
2020,barley,Palencia,4785.0
2020,barley,Pontevedra,1975.0
2020,barley,Salamanca,4117.0
2020,barley,Santa Cruz de Tenerife,803.0
2020,barley,Segovia,4000.0
2020,barley,Sevilla,3022.0
2020,barley,Soria,4119.0
2020,barley,Tarragona,3382.0
2020,barley,Teruel,3090.0
2020,barley,Toledo,3580.0
2020,barley,Valencia,3023.0
2020,barley,Valladolid,4489.0
2020,barley,Zamora,4117.0
2020,barley,Zaragoza,2950.0
2020,barley,Álava,6675.0
2020,barley,Ávila,3965.0
2021,barley,A Coruña,2200.0
2021,barley,Albacete,2630.0
2021,barley,Alicante,2263.0
2021,barley,Almería,1323.0
2021,barley,Badajoz,2675.0
2021,barley,Barcelona,3708.0
2021,barley,Burgos,4419.0
2021,barley,Cantabria,2270.0
2021,barley,Castellón,1848.0
2021,barley,Ciudad Real,3030.0
2021,barley,Cuenca,3300.0
2021,barley,Cáceres,1938.0
2021,barley,Cádiz,2605.0
2021,barley,Córdoba,2160.0
2021,barley,Girona,3827.0
2021,barley,Granada,1347.0
2021,barley,Guadalajara,3000.0
2021,barley,Huelva,3432.0
2021,barley,Huesca,3133.0
2021,barley,Illes Balears,1390.0
2021,barley,Jaén,2122.0
2021,barley,La Rioja,4433.0
2021,barley,Las Palmas,1046.0
2021,barley,León,3300.0
2021,barley,Lleida,4138.0
2021,barley,Lugo,2300.0
2021,barley,Madrid,2345.0
2021,barley,Murcia,2240.0
2021,barley,Málaga,2420.0
2021,barley,Navarra,3698.0
2021,barley,Ourense,2300.0
2021,barley,Palencia,3607.0
2021,barley,Pontevedra,2050.0
2021,barley,Salamanca,3350.0
2021,barley,Santa Cruz de Tenerife,924.0
2021,barley,Segovia,3276.0
2021,barley,Sevilla,3010.0
2021,barley,Soria,3679.0
2021,barley,Tarragona,3616.0
2021,barley,Teruel,2997.0
2021,barley,Toledo,2667.0
2021,barley,Valencia,3250.0
2021,barley,Valladolid,3669.0
2021,barley,Zamora,3611.0
2021,barley,Zaragoza,2950.0
2021,barley,Álava,6100.0
2021,barley,Ávila,3048.0
2022,barley,A Coruña,2325.0
2022,barley,Albacete,2250.0
2022,barley,Alicante,1175.0
2022,barley,Almería,1063.0
2022,barley,Badajoz,2628.0
2022,barley,Barcelona,2692.0
2022,barley,Burgos,3471.0
2022,barley,Cantabria,1920.0
2022,barley,Castellón,1295.0
2022,barley,Ciudad Real,1824.0
2022,barley,Cuenca,2200.0
2022,barley,Cáceres,1460.0
2022,barley,Cádiz,2912.0
2022,barley,Córdoba,2094.0
2022,barley,Girona,3375.0
2022,barley,Granada,634.0
2022,barley,Guadalajara,3000.0
2022,barley,Huelva,2600.0
2022,barley,Huesca,2701.0
2022,barley,Illes Balears,1650.0
2022,barley,Jaén,1650.0
2022,barley,La Rioja,4450.0
2022,barley,Las Palmas,1103.0
2022,barley,León,1970.0
2022,barley,Lleida,2683.0
2022,barley,Lugo,2375.0
2022,barley,Madrid,2769.0
2022,barley,Murcia,2734.0
2022,barley,Málaga,2198.0
2022,barley,Navarra,3680.0
2022,barley,Ourense,2425.0
2022,barley,Palencia,3385.0
2022,barley,Pontevedra,2125.0
2022,barley,Salamanca,2600.0
2022,barley,Santa Cruz de Tenerife,1016.0
2022,barley,Segovia,2400.0
2022,barley,Sevilla,2378.0
2022,barley,Soria,2231.0
2022,barley,Tarragona,2166.0
2022,barley,Teruel,1977.0
2022,barley,Toledo,2187.0
2022,barley,Valencia,1802.0
2022,barley,Valladolid,2562.0
2022,barley,Zamora,1681.0
2022,barley,Zaragoza,2010.0
2022,barley,Álava,4400.0
2022,barley,Ávila,2078.0
2023,barley,A Coruña,2060.0
2023,barley,Albacete,400.0
2023,barley,Alicante,556.0
2023,barley,Almería,40.0
2023,barley,Badajoz,1189.0
2023,barley,Barcelona,787.0
2023,barley,Burgos,2329.0
2023,barley,Cantabria,830.0
2023,barley,Castellón,1850.0
2023,barley,Ciudad Real,349.0
2023,barley,Cuenca,900.0
2023,barley,Cáceres,741.0
2023,barley,Cádiz,921.0
2023,barley,Córdoba,1160.0
2023,barley,Girona,2018.0
2023,barley,Granada,500.0
2023,barley,Guadalajara,1500.0
2023,barley,Huelva,910.0
2023,barley,Huesca,835.0
2023,barley,Illes Balears,1723.0
2023,barley,Jaén,661.0
2023,barley,La Rioja,2245.0
2023,barley,Las Palmas,1048.0
2023,barley,León,1530.0
2023,barley,Lleida,525.0
2023,barley,Lugo,2150.0
2023,barley,Madrid,1138.0
2023,barley,Murcia,1131.0
2023,barley,Málaga,800.0
2023,barley,Navarra,3407.0
2023,barley,Ourense,3000.0
2023,barley,Palencia,2085.0
2023,barley,Pontevedra,2150.0
2023,barley,Salamanca,1850.0
2023,barley,Santa Cruz de Tenerife,965.0
2023,barley,Segovia,1656.0
2023,barley,Sevilla,1080.0
2023,barley,Soria,911.0
2023,barley,Tarragona,1197.0
2023,barley,Teruel,700.0
2023,barley,Toledo,402.0
2023,barley,Valencia,860.0
2023,barley,Valladolid,1462.0
2023,barley,Zamora,1549.0
2023,barley,Zaragoza,835.0
2023,barley,Álava,5500.0
2023,barley,Ávila,849.0
2017,common_soft_wheat,A Coruña,2950.0
2017,common_soft_wheat,Albacete,1240.0
2017,common_soft_wheat,Alicante,800.0
2017,common_soft_wheat,Almería,1096.0
2017,common_soft_wheat,Asturias,1300.0
2017,common_soft_wheat,Badajoz,2322.0
2017,common_soft_wheat,Barcelona,3930.0
2017,common_soft_wheat,Burgos,2659.0
2017,common_soft_wheat,Cantabria,2450.0
2017,common_soft_wheat,Castellón,1713.0
2017,common_soft_wheat,Ciudad Real,1600.0
2017,common_soft_wheat,Cuenca,2240.0
2017,common_soft_wheat,Cáceres,1607.0
2017,common_soft_wheat,Cádiz,1985.0
2017,common_soft_wheat,Córdoba,3286.0
2017,common_soft_wheat,Girona,2470.0
2017,common_soft_wheat,Granada,1090.0
2017,common_soft_wheat,Guadalajara,1781.0
2017,common_soft_wheat,Huelva,4415.0
2017,common_soft_wheat,Huesca,3400.0
2017,common_soft_wheat,Illes Balears,1479.0
2017,common_soft_wheat,Jaén,2275.0
2017,common_soft_wheat,La Rioja,3164.0
2017,common_soft_wheat,Las Palmas,1450.0
2017,common_soft_wheat,León,598.0
2017,common_soft_wheat,Lleida,2968.0
2017,common_soft_wheat,Lugo,2300.0
2017,common_soft_wheat,Madrid,931.0
2017,common_soft_wheat,Murcia,743.0
2017,common_soft_wheat,Málaga,2258.0
2017,common_soft_wheat,Navarra,4616.0
2017,common_soft_wheat,Ourense,2300.0
2017,common_soft_wheat,Palencia,1125.0
2017,common_soft_wheat,Pontevedra,2180.0
2017,common_soft_wheat,Salamanca,1171.0
2017,common_soft_wheat,Santa Cruz de Tenerife,1000.0
2017,common_soft_wheat,Segovia,946.0
2017,common_soft_wheat,Sevilla,2558.0
2017,common_soft_wheat,Soria,1698.0
2017,common_soft_wheat,Tarragona,2700.0
2017,common_soft_wheat,Teruel,1364.0
2017,common_soft_wheat,Toledo,902.0
2017,common_soft_wheat,Valencia,1761.0
2017,common_soft_wheat,Valladolid,720.0
2017,common_soft_wheat,Zamora,798.0
2017,common_soft_wheat,Zaragoza,1266.0
2017,common_soft_wheat,Álava,6000.0
2017,common_soft_wheat,Ávila,575.0
2018,common_soft_wheat,A Coruña,2990.0
2018,common_soft_wheat,Albacete,1900.0
2018,common_soft_wheat,Alicante,700.0
2018,common_soft_wheat,Almería,1340.0
2018,common_soft_wheat,Asturias,280.0
2018,common_soft_wheat,Badajoz,4342.0
2018,common_soft_wheat,Barcelona,5086.0
2018,common_soft_wheat,Burgos,4578.0
2018,common_soft_wheat,Cantabria,2260.0
2018,common_soft_wheat,Castellón,1282.0
2018,common_soft_wheat,Ciudad Real,2100.0
2018,common_soft_wheat,Cuenca,2489.0
2018,common_soft_wheat,Cáceres,3393.0
2018,common_soft_wheat,Cádiz,3172.0
2018,common_soft_wheat,Córdoba,5200.0
2018,common_soft_wheat,Girona,3702.0
2018,common_soft_wheat,Granada,1693.0
2018,common_soft_wheat,Guadalajara,2968.0
2018,common_soft_wheat,Huelva,3822.0
2018,common_soft_wheat,Huesca,3603.0
2018,common_soft_wheat,Illes Balears,1905.0
2018,common_soft_wheat,Jaén,4000.0
2018,common_soft_wheat,La Rioja,5191.0
2018,common_soft_wheat,Las Palmas,1479.0
2018,common_soft_wheat,León,3532.0
2018,common_soft_wheat,Lleida,3738.0
2018,common_soft_wheat,Lugo,2350.0
2018,common_soft_wheat,Madrid,3092.0
2018,common_soft_wheat,Murcia,1037.0
2018,common_soft_wheat,Málaga,3750.0
2018,common_soft_wheat,Navarra,4790.0
2018,common_soft_wheat,Ourense,2700.0
2018,common_soft_wheat,Palencia,3889.0
2018,common_soft_wheat,Pontevedra,2200.0
2018,common_soft_wheat,Salamanca,3914.0
2018,common_soft_wheat,Santa Cruz de Tenerife,1050.0
2018,common_soft_wheat,Segovia,3100.0
2018,common_soft_wheat,Sevilla,3850.0
2018,common_soft_wheat,Soria,3625.0
2018,common_soft_wheat,Tarragona,3778.0
2018,common_soft_wheat,Teruel,2245.0
2018,common_soft_wheat,Toledo,3080.0
2018,common_soft_wheat,Valencia,2700.0
2018,common_soft_wheat,Valladolid,3849.0
2018,common_soft_wheat,Zamora,3484.0
2018,common_soft_wheat,Zaragoza,1745.0
2018,common_soft_wheat,Álava,5500.0
2018,common_soft_wheat,Ávila,3317.0
2019,common_soft_wheat,A Coruña,2900.0
2019,common_soft_wheat,Albacete,2200.0
2019,common_soft_wheat,Alicante,1100.0
2019,common_soft_wheat,Almería,1310.0
2019,common_soft_wheat,Asturias,2000.0
2019,common_soft_wheat,Badajoz,2040.0
2019,common_soft_wheat,Barcelona,4103.0
2019,common_soft_wheat,Burgos,3724.0
2019,common_soft_wheat,Cantabria,2113.0
2019,common_soft_wheat,Castellón,1603.0
2019,common_soft_wheat,Ciudad Real,1618.0
2019,common_soft_wheat,Cuenca,2200.0
2019,common_soft_wheat,Cáceres,1655.0
2019,common_soft_wheat,Cádiz,3110.0
2019,common_soft_wheat,Córdoba,2200.0
2019,common_soft_wheat,Gipuzkoa,5500.0
2019,common_soft_wheat,Girona,4022.0
2019,common_soft_wheat,Granada,1687.0
2019,common_soft_wheat,Guadalajara,2794.0
2019,common_soft_wheat,Huelva,2058.0
2019,common_soft_wheat,Huesca,3345.0
2019,common_soft_wheat,Illes Balears,1508.0
2019,common_soft_wheat,Jaén,2800.0
2019,common_soft_wheat,La Rioja,4855.0
2019,common_soft_wheat,Las Palmas,1330.0
2019,common_soft_wheat,León,1654.0
2019,common_soft_wheat,Lleida,2662.0
2019,common_soft_wheat,Lugo,2600.0
2019,common_soft_wheat,Madrid,1672.0
2019,common_soft_wheat,Murcia,1141.0
2019,common_soft_wheat,Málaga,2480.0
2019,common_soft_wheat,Navarra,5225.0
2019,common_soft_wheat,Ourense,2780.0
2019,common_soft_wheat,Palencia,2727.0
2019,common_soft_wheat,Pontevedra,2200.0
2019,common_soft_wheat,Salamanca,1638.0
2019,common_soft_wheat,Santa Cruz de Tenerife,945.0
2019,common_soft_wheat,Segovia,2107.0
2019,common_soft_wheat,Sevilla,3317.0
2019,common_soft_wheat,Soria,3012.0
2019,common_soft_wheat,Tarragona,2780.0
2019,common_soft_wheat,Teruel,1684.0
2019,common_soft_wheat,Toledo,1230.0
2019,common_soft_wheat,Valencia,1350.0
2019,common_soft_wheat,Valladolid,1762.0
2019,common_soft_wheat,Zamora,2210.0
2019,common_soft_wheat,Zaragoza,1775.0
2019,common_soft_wheat,Álava,6750.0
2019,common_soft_wheat,Ávila,1361.0
2020,common_soft_wheat,A Coruña,3040.0
2020,common_soft_wheat,Albacete,2550.0
2020,common_soft_wheat,Alicante,2500.0
2020,common_soft_wheat,Almería,2376.0
2020,common_soft_wheat,Asturias,2000.0
2020,common_soft_wheat,Badajoz,3158.0
2020,common_soft_wheat,Barcelona,4545.0
2020,common_soft_wheat,Burgos,5215.0
2020,common_soft_wheat,Cantabria,2260.0
2020,common_soft_wheat,Castellón,2150.0
2020,common_soft_wheat,Ciudad Real,3149.0
2020,common_soft_wheat,Cuenca,3048.0
2020,common_soft_wheat,Cáceres,2433.0
2020,common_soft_wheat,Cádiz,2487.0
2020,common_soft_wheat,Córdoba,3500.0
2020,common_soft_wheat,Gipuzkoa,5710.0
2020,common_soft_wheat,Girona,3272.0
2020,common_soft_wheat,Granada,2207.0
2020,common_soft_wheat,Guadalajara,3992.0
2020,common_soft_wheat,Huelva,3106.0
2020,common_soft_wheat,Huesca,4593.0
2020,common_soft_wheat,Illes Balears,1727.0
2020,common_soft_wheat,Jaén,3385.0
2020,common_soft_wheat,La Rioja,5389.0
2020,common_soft_wheat,Las Palmas,995.0
2020,common_soft_wheat,León,3505.0
2020,common_soft_wheat,Lleida,4551.0
2020,common_soft_wheat,Lugo,2400.0
2020,common_soft_wheat,Madrid,2623.0
2020,common_soft_wheat,Murcia,2780.0
2020,common_soft_wheat,Málaga,2456.0
2020,common_soft_wheat,Navarra,5301.0
2020,common_soft_wheat,Ourense,2700.0
2020,common_soft_wheat,Palencia,3598.0
2020,common_soft_wheat,Pontevedra,2220.0
2020,common_soft_wheat,Salamanca,4008.0
2020,common_soft_wheat,Santa Cruz de Tenerife,803.0
2020,common_soft_wheat,Segovia,4000.0
2020,common_soft_wheat,Sevilla,3500.0
2020,common_soft_wheat,Soria,4273.0
2020,common_soft_wheat,Tarragona,3782.0
2020,common_soft_wheat,Teruel,2624.0
2020,common_soft_wheat,Toledo,3239.0
2020,common_soft_wheat,Valencia,2933.0
2020,common_soft_wheat,Valladolid,4702.0
2020,common_soft_wheat,Zamora,4079.0
2020,common_soft_wheat,Zaragoza,2610.0
2020,common_soft_wheat,Álava,7000.0
2020,common_soft_wheat,Ávila,4206.0
2021,common_soft_wheat,A Coruña,3110.0
2021,common_soft_wheat,Albacete,2300.0
2021,common_soft_wheat,Alicante,2593.0
2021,common_soft_wheat,Almería,1212.0
2021,common_soft_wheat,Asturias,2000.0
2021,common_soft_wheat,Badajoz,2970.0
2021,common_soft_wheat,Barcelona,4402.0
2021,common_soft_wheat,Burgos,4922.0
2021,common_soft_wheat,Cantabria,2800.0
2021,common_soft_wheat,Castellón,2146.0
2021,common_soft_wheat,Ciudad Real,3178.0
2021,common_soft_wheat,Cuenca,2948.0
2021,common_soft_wheat,Cáceres,2489.0
2021,common_soft_wheat,Cádiz,2655.0
2021,common_soft_wheat,Córdoba,2558.0
2021,common_soft_wheat,Gipuzkoa,5430.0
2021,common_soft_wheat,Girona,4533.0
2021,common_soft_wheat,Granada,1574.0
2021,common_soft_wheat,Guadalajara,3496.0
2021,common_soft_wheat,Huelva,3798.0
2021,common_soft_wheat,Huesca,3505.0
2021,common_soft_wheat,Illes Balears,1890.0
2021,common_soft_wheat,Jaén,2275.0
2021,common_soft_wheat,La Rioja,4698.0
2021,common_soft_wheat,Las Palmas,1034.0
2021,common_soft_wheat,León,3100.0
2021,common_soft_wheat,Lleida,4559.0
2021,common_soft_wheat,Lugo,2650.0
2021,common_soft_wheat,Madrid,3199.0
2021,common_soft_wheat,Murcia,1923.0
2021,common_soft_wheat,Málaga,2354.0
2021,common_soft_wheat,Navarra,4505.0
2021,common_soft_wheat,Ourense,2825.0
2021,common_soft_wheat,Palencia,4190.0
2021,common_soft_wheat,Pontevedra,2315.0
2021,common_soft_wheat,Salamanca,3469.0
2021,common_soft_wheat,Santa Cruz de Tenerife,924.0
2021,common_soft_wheat,Segovia,3466.0
2021,common_soft_wheat,Sevilla,3142.0
2021,common_soft_wheat,Soria,4121.0
2021,common_soft_wheat,Tarragona,4348.0
2021,common_soft_wheat,Teruel,3220.0
2021,common_soft_wheat,Toledo,2295.0
2021,common_soft_wheat,Valencia,3200.0
2021,common_soft_wheat,Valladolid,3778.0
2021,common_soft_wheat,Zamora,3751.0
2021,common_soft_wheat,Zaragoza,2610.0
2021,common_soft_wheat,Álava,6700.0
2021,common_soft_wheat,Ávila,3196.0
2022,common_soft_wheat,A Coruña,3155.0
2022,common_soft_wheat,Albacete,1750.0
2022,common_soft_wheat,Alicante,1362.0
2022,common_soft_wheat,Almería,1074.0
2022,common_soft_wheat,Asturias,1900.0
2022,common_soft_wheat,Badajoz,2771.0
2022,common_soft_wheat,Barcelona,3032.0
2022,common_soft_wheat,Burgos,3310.0
2022,common_soft_wheat,Cantabria,2200.0
2022,common_soft_wheat,Castellón,1501.0
2022,common_soft_wheat,Ciudad Real,2284.0
2022,common_soft_wheat,Cuenca,1849.0
2022,common_soft_wheat,Cáceres,2873.0
2022,common_soft_wheat,Cádiz,2459.0
2022,common_soft_wheat,Córdoba,2105.0
2022,common_soft_wheat,Gipuzkoa,4000.0
2022,common_soft_wheat,Girona,3848.0
2022,common_soft_wheat,Granada,699.0
2022,common_soft_wheat,Guadalajara,3196.0
2022,common_soft_wheat,Huelva,2803.0
2022,common_soft_wheat,Huesca,2624.0
2022,common_soft_wheat,Illes Balears,1700.0
2022,common_soft_wheat,Jaén,2079.0
2022,common_soft_wheat,La Rioja,4636.0
2022,common_soft_wheat,Las Palmas,1052.0
2022,common_soft_wheat,León,1950.0
2022,common_soft_wheat,Lleida,2707.0
2022,common_soft_wheat,Lugo,2725.0
2022,common_soft_wheat,Madrid,2794.0
2022,common_soft_wheat,Murcia,1920.0
2022,common_soft_wheat,Málaga,1978.0
2022,common_soft_wheat,Navarra,3748.0
2022,common_soft_wheat,Ourense,2990.0
2022,common_soft_wheat,Palencia,3207.0
2022,common_soft_wheat,Pontevedra,2320.0
2022,common_soft_wheat,Salamanca,2670.0
2022,common_soft_wheat,Santa Cruz de Tenerife,1016.0
2022,common_soft_wheat,Segovia,2250.0
2022,common_soft_wheat,Sevilla,2075.0
2022,common_soft_wheat,Soria,2171.0
2022,common_soft_wheat,Tarragona,2189.0
2022,common_soft_wheat,Teruel,1820.0
2022,common_soft_wheat,Toledo,1896.0
2022,common_soft_wheat,Valencia,1711.0
2022,common_soft_wheat,Valladolid,2530.0
2022,common_soft_wheat,Zamora,1602.0
2022,common_soft_wheat,Zaragoza,1965.0
2022,common_soft_wheat,Álava,4500.0
2022,common_soft_wheat,Ávila,1855.0
2023,common_soft_wheat,A Coruña,3040.0
2023,common_soft_wheat,Albacete,325.0
2023,common_soft_wheat,Alicante,290.0
2023,common_soft_wheat,Almería,80.0
2023,common_soft_wheat,Badajoz,1103.0
2023,common_soft_wheat,Barcelona,1026.0
2023,common_soft_wheat,Burgos,2637.0
2023,common_soft_wheat,Cantabria,2200.0
2023,common_soft_wheat,Castellón,1590.0
2023,common_soft_wheat,Ciudad Real,500.0
2023,common_soft_wheat,Cuenca,800.0
2023,common_soft_wheat,Cáceres,805.0
2023,common_soft_wheat,Cádiz,1328.0
2023,common_soft_wheat,Córdoba,1120.0
2023,common_soft_wheat,Gipuzkoa,5000.0
2023,common_soft_wheat,Girona,2256.0
2023,common_soft_wheat,Granada,465.0
2023,common_soft_wheat,Guadalajara,1799.0
2023,common_soft_wheat,Huelva,1693.0
2023,common_soft_wheat,Huesca,1766.0
2023,common_soft_wheat,Illes Balears,1870.0
2023,common_soft_wheat,Jaén,770.0
2023,common_soft_wheat,La Rioja,2346.0
2023,common_soft_wheat,Las Palmas,1000.0
2023,common_soft_wheat,León,1225.0
2023,common_soft_wheat,Lleida,607.0
2023,common_soft_wheat,Lugo,2480.0
2023,common_soft_wheat,Madrid,1363.0
2023,common_soft_wheat,Murcia,420.0
2023,common_soft_wheat,Málaga,800.0
2023,common_soft_wheat,Navarra,3903.0
2023,common_soft_wheat,Ourense,3100.0
2023,common_soft_wheat,Palencia,2528.0
2023,common_soft_wheat,Pontevedra,2200.0
2023,common_soft_wheat,Salamanca,2300.0
2023,common_soft_wheat,Santa Cruz de Tenerife,965.0
2023,common_soft_wheat,Segovia,1566.0
2023,common_soft_wheat,Sevilla,1234.0
2023,common_soft_wheat,Soria,958.0
2023,common_soft_wheat,Tarragona,1267.0
2023,common_soft_wheat,Teruel,796.0
2023,common_soft_wheat,Toledo,379.0
2023,common_soft_wheat,Valencia,801.0
2023,common_soft_wheat,Valladolid,1597.0
2023,common_soft_wheat,Zamora,1593.0
2023,common_soft_wheat,Zaragoza,767.0
2023,common_soft_wheat,Álava,5500.0
2023,common_soft_wheat,Ávila,912.0
